-- phpMyAdmin SQL Dump
-- version 5.2.1
-- https://www.phpmyadmin.net/
--
-- Host: 127.0.0.1
-- Generation Time: Jun 16, 2023 at 12:09 PM
-- Server version: 10.4.28-MariaDB
-- PHP Version: 8.2.4

SET SQL_MODE = "NO_AUTO_VALUE_ON_ZERO";
START TRANSACTION;
SET time_zone = "+00:00";


/*!40101 SET @OLD_CHARACTER_SET_CLIENT=@@CHARACTER_SET_CLIENT */;
/*!40101 SET @OLD_CHARACTER_SET_RESULTS=@@CHARACTER_SET_RESULTS */;
/*!40101 SET @OLD_COLLATION_CONNECTION=@@COLLATION_CONNECTION */;
/*!40101 SET NAMES utf8mb4 */;

--
-- Database: `smartattendance`
--

-- --------------------------------------------------------

--
-- Table structure for table `admin`
--

CREATE TABLE `admin` (
  `admin_id` varchar(20) NOT NULL,
  `name` varchar(20) NOT NULL,
  `password` varchar(20) NOT NULL
) ENGINE=InnoDB DEFAULT CHARSET=utf8mb4 COLLATE=utf8mb4_general_ci;

--
-- Dumping data for table `admin`
--

INSERT INTO `admin` (`admin_id`, `name`, `password`) VALUES
('admin', 'admin', 'qwerty');

-- --------------------------------------------------------

--
-- Table structure for table `attendance`
--

CREATE TABLE `attendance` (
  `course_id` varchar(40) NOT NULL,
  `date_time` varchar(30) NOT NULL,
  `slot` int(11) NOT NULL,
  `exp_time` int(11) NOT NULL,
  `lat` double NOT NULL,
  `lon` double NOT NULL
) ENGINE=InnoDB DEFAULT CHARSET=utf8mb4 COLLATE=utf8mb4_general_ci;

--
-- Dumping data for table `attendance`
--

INSERT INTO `attendance` (`course_id`, `date_time`, `slot`, `exp_time`, `lat`, `lon`) VALUES
('B.Tech..2020.R.CSE.3.19CSE311', '2023-05-13 23:12:08', 5, 10, 10.902371498577676, 76.89687643408548),
('B.Tech..2020.R.CSE.3.19CSE311', '2023-05-13 23:15:24', 2, 10, 10.902371498577676, 76.89687643408548),
('B.Tech..2020.R.CSE.3.19CSE311', '2023-05-26 23:44:58', 5, 10, 10.902371498577676, 76.89687643408548),
('B.Tech..2020.R.CSE.3.19CSE312', '2023-05-13 23:15:52', 2, 10, 10.902371498577676, 76.89687643408548),
('B.Tech..2020.R.CSE.3.19CSE312', '2023-05-13 23:16:01', 4, 10, 10.902371498577676, 76.89687643408548),
('B.Tech..2020.R.CSE.3.19CSE312', '2023-05-13 23:16:22', 1, 10, 10.902371498577676, 76.89687643408548),
('B.Tech..2020.R.CSE.3.19CSE313', '2023-05-13 23:16:48', 6, 10, 10.902371498577676, 76.89687643408548),
('B.Tech..2020.R.CSE.3.19CSE313', '2023-05-13 23:17:07', 2, 10, 10.902371498577676, 76.89687643408548),
('B.Tech..2020.R.CSE.3.19CSE313', '2023-05-13 23:17:07', 7, 10, 10.902371498577676, 76.89687643408548),
('B.Tech..2020.R.CSE.3.19CSE313', '2023-05-25 21:10:29', 7, 10, 10.902371498577676, 76.89687643408548),
('B.Tech..2020.R.CSE.3.19CSE314', '2023-05-01 07:08:07', 2, 10, 10.902371498577676, 76.89687643408548),
('B.Tech..2020.R.CSE.3.19CSE314', '2023-05-10 10:42:19', 4, 10, 10.902371498577676, 76.89687643408548),
('B.Tech..2020.R.CSE.3.19CSE314', '2023-05-10 15:18:07', 3, 10, 10.902371498577676, 76.89687643408548),
('B.Tech..2020.R.CSE.3.19CSE314', '2023-05-11 00:08:23', 5, 10, 10.902371498577676, 76.89687643408548),
('B.Tech..2020.R.CSE.3.19CSE314', '2023-06-14 22:49:28', 1, 10, 10.902942665025806, 76.8976011083061),
('B.Tech..2020.R.CSE.3.19CSE314', '2023-06-16 23:01:24', 2, 1000, 10.90290621151892, 76.89760325716773);

-- --------------------------------------------------------

--
-- Table structure for table `course`
--

CREATE TABLE `course` (
  `course_id` varchar(50) NOT NULL,
  `course_name` varchar(50) NOT NULL,
  `faculty_id` varchar(20) NOT NULL,
  `total_hours` int(11) NOT NULL
) ENGINE=InnoDB DEFAULT CHARSET=utf8mb4 COLLATE=utf8mb4_general_ci;

--
-- Dumping data for table `course`
--

INSERT INTO `course` (`course_id`, `course_name`, `faculty_id`, `total_hours`) VALUES
('B.Tech..2020.R.CSE.1.19CSE311', 'Computer Security', 'j_govindrajan', 60),
('B.Tech..2020.R.CSE.1.19CSE312', 'Distributed Systems', 'j_govindrajan', 80),
('B.Tech..2020.R.CSE.1.19CSE313', 'Principles of Programming Langauges', 'j_govindrajan', 60),
('B.Tech..2020.R.CSE.1.19CSE314', 'Software Engineering', 'j_govindrajan', 60),
('B.Tech..2020.R.CSE.2.19CSE311', 'Computer Security', 'j_govindrajan', 60),
('B.Tech..2020.R.CSE.2.19CSE312', 'Distributed Systems', 'j_govindrajan', 80),
('B.Tech..2020.R.CSE.2.19CSE313', 'Principles of Programming Langauges', 'j_govindrajan', 60),
('B.Tech..2020.R.CSE.2.19CSE314', 'Software Engineering', 'j_govindrajan', 60),
('B.Tech..2020.R.CSE.3.19CSE311', 'Computer Security', 'kp_jevitha', 60),
('B.Tech..2020.R.CSE.3.19CSE312', 'Distributed Systems', 'ss_priya', 80),
('B.Tech..2020.R.CSE.3.19CSE313', 'Principles of Programming Langauges', 'g_radhika', 60),
('B.Tech..2020.R.CSE.3.19CSE314', 'Software Engineering', 'n_radhika', 60),
('B.Tech..2020.R.CSE.4.19CSE311', 'Computer Security', 'j_govindrajan', 60),
('B.Tech..2020.R.CSE.4.19CSE312', 'Distributed Systems', 'j_govindrajan', 80),
('B.Tech..2020.R.CSE.4.19CSE313', 'Principles of Programming Langauges', 'j_govindrajan', 60),
('B.Tech..2020.R.CSE.4.19CSE314', 'Software Engineering', 'n_radhika', 60),
('B.Tech..2020.R.CSE.5.19CSE311', 'Computer Security', 'j_govindrajan', 60),
('B.Tech..2020.R.CSE.5.19CSE312', 'Distributed Systems', 'j_govindrajan', 80),
('B.Tech..2020.R.CSE.5.19CSE313', 'Principles of Programming Langauges', 'j_govindrajan', 60),
('B.Tech..2020.R.CSE.5.19CSE314', 'Software Engineering', 'j_govindrajan', 60),
('B.Tech..2020.R.CSE.6.19CSE311', 'Computer Security', 'j_govindrajan', 60),
('B.Tech..2020.R.CSE.6.19CSE312', 'Distributed Systems', 'j_govindrajan', 80),
('B.Tech..2020.R.CSE.6.19CSE313', 'Principles of Programming Langauges', 'j_govindrajan', 60),
('B.Tech..2020.R.CSE.6.19CSE314', 'Software Engineering', 'j_govindrajan', 60);

-- --------------------------------------------------------

--
-- Table structure for table `coursetostudent`
--

CREATE TABLE `coursetostudent` (
  `course_id` varchar(40) NOT NULL,
  `roll_no` varchar(16) NOT NULL
) ENGINE=InnoDB DEFAULT CHARSET=utf8mb4 COLLATE=utf8mb4_general_ci;

--
-- Dumping data for table `coursetostudent`
--

INSERT INTO `coursetostudent` (`course_id`, `roll_no`) VALUES
('B.Tech..2020.R.CSE.1.19CSE311', 'CB.EN.U4CSE20001'),
('B.Tech..2020.R.CSE.1.19CSE311', 'CB.EN.U4CSE20002'),
('B.Tech..2020.R.CSE.1.19CSE311', 'CB.EN.U4CSE20003'),
('B.Tech..2020.R.CSE.1.19CSE311', 'CB.EN.U4CSE20004'),
('B.Tech..2020.R.CSE.1.19CSE311', 'CB.EN.U4CSE20005'),
('B.Tech..2020.R.CSE.1.19CSE311', 'CB.EN.U4CSE20006'),
('B.Tech..2020.R.CSE.1.19CSE311', 'CB.EN.U4CSE20007'),
('B.Tech..2020.R.CSE.1.19CSE311', 'CB.EN.U4CSE20008'),
('B.Tech..2020.R.CSE.1.19CSE311', 'CB.EN.U4CSE20009'),
('B.Tech..2020.R.CSE.1.19CSE311', 'CB.EN.U4CSE20010'),
('B.Tech..2020.R.CSE.1.19CSE311', 'CB.EN.U4CSE20011'),
('B.Tech..2020.R.CSE.1.19CSE311', 'CB.EN.U4CSE20012'),
('B.Tech..2020.R.CSE.1.19CSE311', 'CB.EN.U4CSE20013'),
('B.Tech..2020.R.CSE.1.19CSE311', 'CB.EN.U4CSE20014'),
('B.Tech..2020.R.CSE.1.19CSE311', 'CB.EN.U4CSE20015'),
('B.Tech..2020.R.CSE.1.19CSE311', 'CB.EN.U4CSE20016'),
('B.Tech..2020.R.CSE.1.19CSE311', 'CB.EN.U4CSE20017'),
('B.Tech..2020.R.CSE.1.19CSE311', 'CB.EN.U4CSE20018'),
('B.Tech..2020.R.CSE.1.19CSE311', 'CB.EN.U4CSE20019'),
('B.Tech..2020.R.CSE.1.19CSE311', 'CB.EN.U4CSE20020'),
('B.Tech..2020.R.CSE.1.19CSE311', 'CB.EN.U4CSE20021'),
('B.Tech..2020.R.CSE.1.19CSE311', 'CB.EN.U4CSE20022'),
('B.Tech..2020.R.CSE.1.19CSE311', 'CB.EN.U4CSE20023'),
('B.Tech..2020.R.CSE.1.19CSE311', 'CB.EN.U4CSE20024'),
('B.Tech..2020.R.CSE.1.19CSE311', 'CB.EN.U4CSE20025'),
('B.Tech..2020.R.CSE.1.19CSE311', 'CB.EN.U4CSE20026'),
('B.Tech..2020.R.CSE.1.19CSE311', 'CB.EN.U4CSE20027'),
('B.Tech..2020.R.CSE.1.19CSE311', 'CB.EN.U4CSE20028'),
('B.Tech..2020.R.CSE.1.19CSE311', 'CB.EN.U4CSE20029'),
('B.Tech..2020.R.CSE.1.19CSE311', 'CB.EN.U4CSE20030'),
('B.Tech..2020.R.CSE.1.19CSE311', 'CB.EN.U4CSE20031'),
('B.Tech..2020.R.CSE.1.19CSE311', 'CB.EN.U4CSE20032'),
('B.Tech..2020.R.CSE.1.19CSE311', 'CB.EN.U4CSE20033'),
('B.Tech..2020.R.CSE.1.19CSE311', 'CB.EN.U4CSE20034'),
('B.Tech..2020.R.CSE.1.19CSE311', 'CB.EN.U4CSE20035'),
('B.Tech..2020.R.CSE.1.19CSE311', 'CB.EN.U4CSE20036'),
('B.Tech..2020.R.CSE.1.19CSE311', 'CB.EN.U4CSE20037'),
('B.Tech..2020.R.CSE.1.19CSE311', 'CB.EN.U4CSE20038'),
('B.Tech..2020.R.CSE.1.19CSE311', 'CB.EN.U4CSE20039'),
('B.Tech..2020.R.CSE.1.19CSE311', 'CB.EN.U4CSE20040'),
('B.Tech..2020.R.CSE.1.19CSE311', 'CB.EN.U4CSE20041'),
('B.Tech..2020.R.CSE.1.19CSE311', 'CB.EN.U4CSE20042'),
('B.Tech..2020.R.CSE.1.19CSE311', 'CB.EN.U4CSE20043'),
('B.Tech..2020.R.CSE.1.19CSE311', 'CB.EN.U4CSE20044'),
('B.Tech..2020.R.CSE.1.19CSE311', 'CB.EN.U4CSE20045'),
('B.Tech..2020.R.CSE.1.19CSE311', 'CB.EN.U4CSE20046'),
('B.Tech..2020.R.CSE.1.19CSE311', 'CB.EN.U4CSE20047'),
('B.Tech..2020.R.CSE.1.19CSE311', 'CB.EN.U4CSE20048'),
('B.Tech..2020.R.CSE.1.19CSE311', 'CB.EN.U4CSE20049'),
('B.Tech..2020.R.CSE.1.19CSE311', 'CB.EN.U4CSE20050'),
('B.Tech..2020.R.CSE.1.19CSE311', 'CB.EN.U4CSE20051'),
('B.Tech..2020.R.CSE.1.19CSE311', 'CB.EN.U4CSE20052'),
('B.Tech..2020.R.CSE.1.19CSE311', 'CB.EN.U4CSE20053'),
('B.Tech..2020.R.CSE.1.19CSE311', 'CB.EN.U4CSE20054'),
('B.Tech..2020.R.CSE.1.19CSE311', 'CB.EN.U4CSE20055'),
('B.Tech..2020.R.CSE.1.19CSE311', 'CB.EN.U4CSE20056'),
('B.Tech..2020.R.CSE.1.19CSE311', 'CB.EN.U4CSE20057'),
('B.Tech..2020.R.CSE.1.19CSE311', 'CB.EN.U4CSE20058'),
('B.Tech..2020.R.CSE.1.19CSE311', 'CB.EN.U4CSE20059'),
('B.Tech..2020.R.CSE.1.19CSE311', 'CB.EN.U4CSE20060'),
('B.Tech..2020.R.CSE.1.19CSE311', 'CB.EN.U4CSE20061'),
('B.Tech..2020.R.CSE.1.19CSE311', 'CB.EN.U4CSE20062'),
('B.Tech..2020.R.CSE.1.19CSE311', 'CB.EN.U4CSE20063'),
('B.Tech..2020.R.CSE.1.19CSE311', 'CB.EN.U4CSE20064'),
('B.Tech..2020.R.CSE.1.19CSE311', 'CB.EN.U4CSE20065'),
('B.Tech..2020.R.CSE.1.19CSE311', 'CB.EN.U4CSE20066'),
('B.Tech..2020.R.CSE.1.19CSE311', 'CB.EN.U4CSE20068'),
('B.Tech..2020.R.CSE.1.19CSE311', 'CB.EN.U4CSE20069'),
('B.Tech..2020.R.CSE.1.19CSE311', 'CB.EN.U4CSE20070'),
('B.Tech..2020.R.CSE.1.19CSE311', 'CB.EN.U4CSE20071'),
('B.Tech..2020.R.CSE.1.19CSE311', 'CB.EN.U4CSE20072'),
('B.Tech..2020.R.CSE.1.19CSE312', 'CB.EN.U4CSE20001'),
('B.Tech..2020.R.CSE.1.19CSE312', 'CB.EN.U4CSE20002'),
('B.Tech..2020.R.CSE.1.19CSE312', 'CB.EN.U4CSE20003'),
('B.Tech..2020.R.CSE.1.19CSE312', 'CB.EN.U4CSE20004'),
('B.Tech..2020.R.CSE.1.19CSE312', 'CB.EN.U4CSE20005'),
('B.Tech..2020.R.CSE.1.19CSE312', 'CB.EN.U4CSE20006'),
('B.Tech..2020.R.CSE.1.19CSE312', 'CB.EN.U4CSE20007'),
('B.Tech..2020.R.CSE.1.19CSE312', 'CB.EN.U4CSE20008'),
('B.Tech..2020.R.CSE.1.19CSE312', 'CB.EN.U4CSE20009'),
('B.Tech..2020.R.CSE.1.19CSE312', 'CB.EN.U4CSE20010'),
('B.Tech..2020.R.CSE.1.19CSE312', 'CB.EN.U4CSE20011'),
('B.Tech..2020.R.CSE.1.19CSE312', 'CB.EN.U4CSE20012'),
('B.Tech..2020.R.CSE.1.19CSE312', 'CB.EN.U4CSE20013'),
('B.Tech..2020.R.CSE.1.19CSE312', 'CB.EN.U4CSE20014'),
('B.Tech..2020.R.CSE.1.19CSE312', 'CB.EN.U4CSE20015'),
('B.Tech..2020.R.CSE.1.19CSE312', 'CB.EN.U4CSE20016'),
('B.Tech..2020.R.CSE.1.19CSE312', 'CB.EN.U4CSE20017'),
('B.Tech..2020.R.CSE.1.19CSE312', 'CB.EN.U4CSE20018'),
('B.Tech..2020.R.CSE.1.19CSE312', 'CB.EN.U4CSE20019'),
('B.Tech..2020.R.CSE.1.19CSE312', 'CB.EN.U4CSE20020'),
('B.Tech..2020.R.CSE.1.19CSE312', 'CB.EN.U4CSE20021'),
('B.Tech..2020.R.CSE.1.19CSE312', 'CB.EN.U4CSE20022'),
('B.Tech..2020.R.CSE.1.19CSE312', 'CB.EN.U4CSE20023'),
('B.Tech..2020.R.CSE.1.19CSE312', 'CB.EN.U4CSE20024'),
('B.Tech..2020.R.CSE.1.19CSE312', 'CB.EN.U4CSE20025'),
('B.Tech..2020.R.CSE.1.19CSE312', 'CB.EN.U4CSE20026'),
('B.Tech..2020.R.CSE.1.19CSE312', 'CB.EN.U4CSE20027'),
('B.Tech..2020.R.CSE.1.19CSE312', 'CB.EN.U4CSE20028'),
('B.Tech..2020.R.CSE.1.19CSE312', 'CB.EN.U4CSE20029'),
('B.Tech..2020.R.CSE.1.19CSE312', 'CB.EN.U4CSE20030'),
('B.Tech..2020.R.CSE.1.19CSE312', 'CB.EN.U4CSE20031'),
('B.Tech..2020.R.CSE.1.19CSE312', 'CB.EN.U4CSE20032'),
('B.Tech..2020.R.CSE.1.19CSE312', 'CB.EN.U4CSE20033'),
('B.Tech..2020.R.CSE.1.19CSE312', 'CB.EN.U4CSE20034'),
('B.Tech..2020.R.CSE.1.19CSE312', 'CB.EN.U4CSE20035'),
('B.Tech..2020.R.CSE.1.19CSE312', 'CB.EN.U4CSE20036'),
('B.Tech..2020.R.CSE.1.19CSE312', 'CB.EN.U4CSE20037'),
('B.Tech..2020.R.CSE.1.19CSE312', 'CB.EN.U4CSE20038'),
('B.Tech..2020.R.CSE.1.19CSE312', 'CB.EN.U4CSE20039'),
('B.Tech..2020.R.CSE.1.19CSE312', 'CB.EN.U4CSE20040'),
('B.Tech..2020.R.CSE.1.19CSE312', 'CB.EN.U4CSE20041'),
('B.Tech..2020.R.CSE.1.19CSE312', 'CB.EN.U4CSE20042'),
('B.Tech..2020.R.CSE.1.19CSE312', 'CB.EN.U4CSE20043'),
('B.Tech..2020.R.CSE.1.19CSE312', 'CB.EN.U4CSE20044'),
('B.Tech..2020.R.CSE.1.19CSE312', 'CB.EN.U4CSE20045'),
('B.Tech..2020.R.CSE.1.19CSE312', 'CB.EN.U4CSE20046'),
('B.Tech..2020.R.CSE.1.19CSE312', 'CB.EN.U4CSE20047'),
('B.Tech..2020.R.CSE.1.19CSE312', 'CB.EN.U4CSE20048'),
('B.Tech..2020.R.CSE.1.19CSE312', 'CB.EN.U4CSE20049'),
('B.Tech..2020.R.CSE.1.19CSE312', 'CB.EN.U4CSE20050'),
('B.Tech..2020.R.CSE.1.19CSE312', 'CB.EN.U4CSE20051'),
('B.Tech..2020.R.CSE.1.19CSE312', 'CB.EN.U4CSE20052'),
('B.Tech..2020.R.CSE.1.19CSE312', 'CB.EN.U4CSE20053'),
('B.Tech..2020.R.CSE.1.19CSE312', 'CB.EN.U4CSE20054'),
('B.Tech..2020.R.CSE.1.19CSE312', 'CB.EN.U4CSE20055'),
('B.Tech..2020.R.CSE.1.19CSE312', 'CB.EN.U4CSE20056'),
('B.Tech..2020.R.CSE.1.19CSE312', 'CB.EN.U4CSE20057'),
('B.Tech..2020.R.CSE.1.19CSE312', 'CB.EN.U4CSE20058'),
('B.Tech..2020.R.CSE.1.19CSE312', 'CB.EN.U4CSE20059'),
('B.Tech..2020.R.CSE.1.19CSE312', 'CB.EN.U4CSE20060'),
('B.Tech..2020.R.CSE.1.19CSE312', 'CB.EN.U4CSE20061'),
('B.Tech..2020.R.CSE.1.19CSE312', 'CB.EN.U4CSE20062'),
('B.Tech..2020.R.CSE.1.19CSE312', 'CB.EN.U4CSE20063'),
('B.Tech..2020.R.CSE.1.19CSE312', 'CB.EN.U4CSE20064'),
('B.Tech..2020.R.CSE.1.19CSE312', 'CB.EN.U4CSE20065'),
('B.Tech..2020.R.CSE.1.19CSE312', 'CB.EN.U4CSE20066'),
('B.Tech..2020.R.CSE.1.19CSE312', 'CB.EN.U4CSE20068'),
('B.Tech..2020.R.CSE.1.19CSE312', 'CB.EN.U4CSE20069'),
('B.Tech..2020.R.CSE.1.19CSE312', 'CB.EN.U4CSE20070'),
('B.Tech..2020.R.CSE.1.19CSE312', 'CB.EN.U4CSE20071'),
('B.Tech..2020.R.CSE.1.19CSE312', 'CB.EN.U4CSE20072'),
('B.Tech..2020.R.CSE.1.19CSE313', 'CB.EN.U4CSE20001'),
('B.Tech..2020.R.CSE.1.19CSE313', 'CB.EN.U4CSE20002'),
('B.Tech..2020.R.CSE.1.19CSE313', 'CB.EN.U4CSE20003'),
('B.Tech..2020.R.CSE.1.19CSE313', 'CB.EN.U4CSE20004'),
('B.Tech..2020.R.CSE.1.19CSE313', 'CB.EN.U4CSE20005'),
('B.Tech..2020.R.CSE.1.19CSE313', 'CB.EN.U4CSE20006'),
('B.Tech..2020.R.CSE.1.19CSE313', 'CB.EN.U4CSE20007'),
('B.Tech..2020.R.CSE.1.19CSE313', 'CB.EN.U4CSE20008'),
('B.Tech..2020.R.CSE.1.19CSE313', 'CB.EN.U4CSE20009'),
('B.Tech..2020.R.CSE.1.19CSE313', 'CB.EN.U4CSE20010'),
('B.Tech..2020.R.CSE.1.19CSE313', 'CB.EN.U4CSE20011'),
('B.Tech..2020.R.CSE.1.19CSE313', 'CB.EN.U4CSE20012'),
('B.Tech..2020.R.CSE.1.19CSE313', 'CB.EN.U4CSE20013'),
('B.Tech..2020.R.CSE.1.19CSE313', 'CB.EN.U4CSE20014'),
('B.Tech..2020.R.CSE.1.19CSE313', 'CB.EN.U4CSE20015'),
('B.Tech..2020.R.CSE.1.19CSE313', 'CB.EN.U4CSE20016'),
('B.Tech..2020.R.CSE.1.19CSE313', 'CB.EN.U4CSE20017'),
('B.Tech..2020.R.CSE.1.19CSE313', 'CB.EN.U4CSE20018'),
('B.Tech..2020.R.CSE.1.19CSE313', 'CB.EN.U4CSE20019'),
('B.Tech..2020.R.CSE.1.19CSE313', 'CB.EN.U4CSE20020'),
('B.Tech..2020.R.CSE.1.19CSE313', 'CB.EN.U4CSE20021'),
('B.Tech..2020.R.CSE.1.19CSE313', 'CB.EN.U4CSE20022'),
('B.Tech..2020.R.CSE.1.19CSE313', 'CB.EN.U4CSE20023'),
('B.Tech..2020.R.CSE.1.19CSE313', 'CB.EN.U4CSE20024'),
('B.Tech..2020.R.CSE.1.19CSE313', 'CB.EN.U4CSE20025'),
('B.Tech..2020.R.CSE.1.19CSE313', 'CB.EN.U4CSE20026'),
('B.Tech..2020.R.CSE.1.19CSE313', 'CB.EN.U4CSE20027'),
('B.Tech..2020.R.CSE.1.19CSE313', 'CB.EN.U4CSE20028'),
('B.Tech..2020.R.CSE.1.19CSE313', 'CB.EN.U4CSE20029'),
('B.Tech..2020.R.CSE.1.19CSE313', 'CB.EN.U4CSE20030'),
('B.Tech..2020.R.CSE.1.19CSE313', 'CB.EN.U4CSE20031'),
('B.Tech..2020.R.CSE.1.19CSE313', 'CB.EN.U4CSE20032'),
('B.Tech..2020.R.CSE.1.19CSE313', 'CB.EN.U4CSE20033'),
('B.Tech..2020.R.CSE.1.19CSE313', 'CB.EN.U4CSE20034'),
('B.Tech..2020.R.CSE.1.19CSE313', 'CB.EN.U4CSE20035'),
('B.Tech..2020.R.CSE.1.19CSE313', 'CB.EN.U4CSE20036'),
('B.Tech..2020.R.CSE.1.19CSE313', 'CB.EN.U4CSE20037'),
('B.Tech..2020.R.CSE.1.19CSE313', 'CB.EN.U4CSE20038'),
('B.Tech..2020.R.CSE.1.19CSE313', 'CB.EN.U4CSE20039'),
('B.Tech..2020.R.CSE.1.19CSE313', 'CB.EN.U4CSE20040'),
('B.Tech..2020.R.CSE.1.19CSE313', 'CB.EN.U4CSE20041'),
('B.Tech..2020.R.CSE.1.19CSE313', 'CB.EN.U4CSE20042'),
('B.Tech..2020.R.CSE.1.19CSE313', 'CB.EN.U4CSE20043'),
('B.Tech..2020.R.CSE.1.19CSE313', 'CB.EN.U4CSE20044'),
('B.Tech..2020.R.CSE.1.19CSE313', 'CB.EN.U4CSE20045'),
('B.Tech..2020.R.CSE.1.19CSE313', 'CB.EN.U4CSE20046'),
('B.Tech..2020.R.CSE.1.19CSE313', 'CB.EN.U4CSE20047'),
('B.Tech..2020.R.CSE.1.19CSE313', 'CB.EN.U4CSE20048'),
('B.Tech..2020.R.CSE.1.19CSE313', 'CB.EN.U4CSE20049'),
('B.Tech..2020.R.CSE.1.19CSE313', 'CB.EN.U4CSE20050'),
('B.Tech..2020.R.CSE.1.19CSE313', 'CB.EN.U4CSE20051'),
('B.Tech..2020.R.CSE.1.19CSE313', 'CB.EN.U4CSE20052'),
('B.Tech..2020.R.CSE.1.19CSE313', 'CB.EN.U4CSE20053'),
('B.Tech..2020.R.CSE.1.19CSE313', 'CB.EN.U4CSE20054'),
('B.Tech..2020.R.CSE.1.19CSE313', 'CB.EN.U4CSE20055'),
('B.Tech..2020.R.CSE.1.19CSE313', 'CB.EN.U4CSE20056'),
('B.Tech..2020.R.CSE.1.19CSE313', 'CB.EN.U4CSE20057'),
('B.Tech..2020.R.CSE.1.19CSE313', 'CB.EN.U4CSE20058'),
('B.Tech..2020.R.CSE.1.19CSE313', 'CB.EN.U4CSE20059'),
('B.Tech..2020.R.CSE.1.19CSE313', 'CB.EN.U4CSE20060'),
('B.Tech..2020.R.CSE.1.19CSE313', 'CB.EN.U4CSE20061'),
('B.Tech..2020.R.CSE.1.19CSE313', 'CB.EN.U4CSE20062'),
('B.Tech..2020.R.CSE.1.19CSE313', 'CB.EN.U4CSE20063'),
('B.Tech..2020.R.CSE.1.19CSE313', 'CB.EN.U4CSE20064'),
('B.Tech..2020.R.CSE.1.19CSE313', 'CB.EN.U4CSE20065'),
('B.Tech..2020.R.CSE.1.19CSE313', 'CB.EN.U4CSE20066'),
('B.Tech..2020.R.CSE.1.19CSE313', 'CB.EN.U4CSE20068'),
('B.Tech..2020.R.CSE.1.19CSE313', 'CB.EN.U4CSE20069'),
('B.Tech..2020.R.CSE.1.19CSE313', 'CB.EN.U4CSE20070'),
('B.Tech..2020.R.CSE.1.19CSE313', 'CB.EN.U4CSE20071'),
('B.Tech..2020.R.CSE.1.19CSE313', 'CB.EN.U4CSE20072'),
('B.Tech..2020.R.CSE.1.19CSE314', 'CB.EN.U4CSE20001'),
('B.Tech..2020.R.CSE.1.19CSE314', 'CB.EN.U4CSE20002'),
('B.Tech..2020.R.CSE.1.19CSE314', 'CB.EN.U4CSE20003'),
('B.Tech..2020.R.CSE.1.19CSE314', 'CB.EN.U4CSE20004'),
('B.Tech..2020.R.CSE.1.19CSE314', 'CB.EN.U4CSE20005'),
('B.Tech..2020.R.CSE.1.19CSE314', 'CB.EN.U4CSE20006'),
('B.Tech..2020.R.CSE.1.19CSE314', 'CB.EN.U4CSE20007'),
('B.Tech..2020.R.CSE.1.19CSE314', 'CB.EN.U4CSE20008'),
('B.Tech..2020.R.CSE.1.19CSE314', 'CB.EN.U4CSE20009'),
('B.Tech..2020.R.CSE.1.19CSE314', 'CB.EN.U4CSE20010'),
('B.Tech..2020.R.CSE.1.19CSE314', 'CB.EN.U4CSE20011'),
('B.Tech..2020.R.CSE.1.19CSE314', 'CB.EN.U4CSE20012'),
('B.Tech..2020.R.CSE.1.19CSE314', 'CB.EN.U4CSE20013'),
('B.Tech..2020.R.CSE.1.19CSE314', 'CB.EN.U4CSE20014'),
('B.Tech..2020.R.CSE.1.19CSE314', 'CB.EN.U4CSE20015'),
('B.Tech..2020.R.CSE.1.19CSE314', 'CB.EN.U4CSE20016'),
('B.Tech..2020.R.CSE.1.19CSE314', 'CB.EN.U4CSE20017'),
('B.Tech..2020.R.CSE.1.19CSE314', 'CB.EN.U4CSE20018'),
('B.Tech..2020.R.CSE.1.19CSE314', 'CB.EN.U4CSE20019'),
('B.Tech..2020.R.CSE.1.19CSE314', 'CB.EN.U4CSE20020'),
('B.Tech..2020.R.CSE.1.19CSE314', 'CB.EN.U4CSE20021'),
('B.Tech..2020.R.CSE.1.19CSE314', 'CB.EN.U4CSE20022'),
('B.Tech..2020.R.CSE.1.19CSE314', 'CB.EN.U4CSE20023'),
('B.Tech..2020.R.CSE.1.19CSE314', 'CB.EN.U4CSE20024'),
('B.Tech..2020.R.CSE.1.19CSE314', 'CB.EN.U4CSE20025'),
('B.Tech..2020.R.CSE.1.19CSE314', 'CB.EN.U4CSE20026'),
('B.Tech..2020.R.CSE.1.19CSE314', 'CB.EN.U4CSE20027'),
('B.Tech..2020.R.CSE.1.19CSE314', 'CB.EN.U4CSE20028'),
('B.Tech..2020.R.CSE.1.19CSE314', 'CB.EN.U4CSE20029'),
('B.Tech..2020.R.CSE.1.19CSE314', 'CB.EN.U4CSE20030'),
('B.Tech..2020.R.CSE.1.19CSE314', 'CB.EN.U4CSE20031'),
('B.Tech..2020.R.CSE.1.19CSE314', 'CB.EN.U4CSE20032'),
('B.Tech..2020.R.CSE.1.19CSE314', 'CB.EN.U4CSE20033'),
('B.Tech..2020.R.CSE.1.19CSE314', 'CB.EN.U4CSE20034'),
('B.Tech..2020.R.CSE.1.19CSE314', 'CB.EN.U4CSE20035'),
('B.Tech..2020.R.CSE.1.19CSE314', 'CB.EN.U4CSE20036'),
('B.Tech..2020.R.CSE.1.19CSE314', 'CB.EN.U4CSE20037'),
('B.Tech..2020.R.CSE.1.19CSE314', 'CB.EN.U4CSE20038'),
('B.Tech..2020.R.CSE.1.19CSE314', 'CB.EN.U4CSE20039'),
('B.Tech..2020.R.CSE.1.19CSE314', 'CB.EN.U4CSE20040'),
('B.Tech..2020.R.CSE.1.19CSE314', 'CB.EN.U4CSE20041'),
('B.Tech..2020.R.CSE.1.19CSE314', 'CB.EN.U4CSE20042'),
('B.Tech..2020.R.CSE.1.19CSE314', 'CB.EN.U4CSE20043'),
('B.Tech..2020.R.CSE.1.19CSE314', 'CB.EN.U4CSE20044'),
('B.Tech..2020.R.CSE.1.19CSE314', 'CB.EN.U4CSE20045'),
('B.Tech..2020.R.CSE.1.19CSE314', 'CB.EN.U4CSE20046'),
('B.Tech..2020.R.CSE.1.19CSE314', 'CB.EN.U4CSE20047'),
('B.Tech..2020.R.CSE.1.19CSE314', 'CB.EN.U4CSE20048'),
('B.Tech..2020.R.CSE.1.19CSE314', 'CB.EN.U4CSE20049'),
('B.Tech..2020.R.CSE.1.19CSE314', 'CB.EN.U4CSE20050'),
('B.Tech..2020.R.CSE.1.19CSE314', 'CB.EN.U4CSE20051'),
('B.Tech..2020.R.CSE.1.19CSE314', 'CB.EN.U4CSE20052'),
('B.Tech..2020.R.CSE.1.19CSE314', 'CB.EN.U4CSE20053'),
('B.Tech..2020.R.CSE.1.19CSE314', 'CB.EN.U4CSE20054'),
('B.Tech..2020.R.CSE.1.19CSE314', 'CB.EN.U4CSE20055'),
('B.Tech..2020.R.CSE.1.19CSE314', 'CB.EN.U4CSE20056'),
('B.Tech..2020.R.CSE.1.19CSE314', 'CB.EN.U4CSE20057'),
('B.Tech..2020.R.CSE.1.19CSE314', 'CB.EN.U4CSE20058'),
('B.Tech..2020.R.CSE.1.19CSE314', 'CB.EN.U4CSE20059'),
('B.Tech..2020.R.CSE.1.19CSE314', 'CB.EN.U4CSE20060'),
('B.Tech..2020.R.CSE.1.19CSE314', 'CB.EN.U4CSE20061'),
('B.Tech..2020.R.CSE.1.19CSE314', 'CB.EN.U4CSE20062'),
('B.Tech..2020.R.CSE.1.19CSE314', 'CB.EN.U4CSE20063'),
('B.Tech..2020.R.CSE.1.19CSE314', 'CB.EN.U4CSE20064'),
('B.Tech..2020.R.CSE.1.19CSE314', 'CB.EN.U4CSE20065'),
('B.Tech..2020.R.CSE.1.19CSE314', 'CB.EN.U4CSE20066'),
('B.Tech..2020.R.CSE.1.19CSE314', 'CB.EN.U4CSE20068'),
('B.Tech..2020.R.CSE.1.19CSE314', 'CB.EN.U4CSE20069'),
('B.Tech..2020.R.CSE.1.19CSE314', 'CB.EN.U4CSE20070'),
('B.Tech..2020.R.CSE.1.19CSE314', 'CB.EN.U4CSE20071'),
('B.Tech..2020.R.CSE.1.19CSE314', 'CB.EN.U4CSE20072'),
('B.Tech..2020.R.CSE.2.19CSE311', 'CB.EN.U4CSE20101'),
('B.Tech..2020.R.CSE.2.19CSE311', 'CB.EN.U4CSE20102'),
('B.Tech..2020.R.CSE.2.19CSE311', 'CB.EN.U4CSE20103'),
('B.Tech..2020.R.CSE.2.19CSE311', 'CB.EN.U4CSE20104'),
('B.Tech..2020.R.CSE.2.19CSE311', 'CB.EN.U4CSE20105'),
('B.Tech..2020.R.CSE.2.19CSE311', 'CB.EN.U4CSE20106'),
('B.Tech..2020.R.CSE.2.19CSE311', 'CB.EN.U4CSE20107'),
('B.Tech..2020.R.CSE.2.19CSE311', 'CB.EN.U4CSE20109'),
('B.Tech..2020.R.CSE.2.19CSE311', 'CB.EN.U4CSE20110'),
('B.Tech..2020.R.CSE.2.19CSE311', 'CB.EN.U4CSE20111'),
('B.Tech..2020.R.CSE.2.19CSE311', 'CB.EN.U4CSE20112'),
('B.Tech..2020.R.CSE.2.19CSE311', 'CB.EN.U4CSE20113'),
('B.Tech..2020.R.CSE.2.19CSE311', 'CB.EN.U4CSE20114'),
('B.Tech..2020.R.CSE.2.19CSE311', 'CB.EN.U4CSE20115'),
('B.Tech..2020.R.CSE.2.19CSE311', 'CB.EN.U4CSE20116'),
('B.Tech..2020.R.CSE.2.19CSE311', 'CB.EN.U4CSE20117'),
('B.Tech..2020.R.CSE.2.19CSE311', 'CB.EN.U4CSE20118'),
('B.Tech..2020.R.CSE.2.19CSE311', 'CB.EN.U4CSE20119'),
('B.Tech..2020.R.CSE.2.19CSE311', 'CB.EN.U4CSE20120'),
('B.Tech..2020.R.CSE.2.19CSE311', 'CB.EN.U4CSE20121'),
('B.Tech..2020.R.CSE.2.19CSE311', 'CB.EN.U4CSE20122'),
('B.Tech..2020.R.CSE.2.19CSE311', 'CB.EN.U4CSE20123'),
('B.Tech..2020.R.CSE.2.19CSE311', 'CB.EN.U4CSE20124'),
('B.Tech..2020.R.CSE.2.19CSE311', 'CB.EN.U4CSE20125'),
('B.Tech..2020.R.CSE.2.19CSE311', 'CB.EN.U4CSE20126'),
('B.Tech..2020.R.CSE.2.19CSE311', 'CB.EN.U4CSE20127'),
('B.Tech..2020.R.CSE.2.19CSE311', 'CB.EN.U4CSE20128'),
('B.Tech..2020.R.CSE.2.19CSE311', 'CB.EN.U4CSE20129'),
('B.Tech..2020.R.CSE.2.19CSE311', 'CB.EN.U4CSE20130'),
('B.Tech..2020.R.CSE.2.19CSE311', 'CB.EN.U4CSE20131'),
('B.Tech..2020.R.CSE.2.19CSE311', 'CB.EN.U4CSE20132'),
('B.Tech..2020.R.CSE.2.19CSE311', 'CB.EN.U4CSE20133'),
('B.Tech..2020.R.CSE.2.19CSE311', 'CB.EN.U4CSE20134'),
('B.Tech..2020.R.CSE.2.19CSE311', 'CB.EN.U4CSE20135'),
('B.Tech..2020.R.CSE.2.19CSE311', 'CB.EN.U4CSE20136'),
('B.Tech..2020.R.CSE.2.19CSE311', 'CB.EN.U4CSE20137'),
('B.Tech..2020.R.CSE.2.19CSE311', 'CB.EN.U4CSE20138'),
('B.Tech..2020.R.CSE.2.19CSE311', 'CB.EN.U4CSE20139'),
('B.Tech..2020.R.CSE.2.19CSE311', 'CB.EN.U4CSE20140'),
('B.Tech..2020.R.CSE.2.19CSE311', 'CB.EN.U4CSE20141'),
('B.Tech..2020.R.CSE.2.19CSE311', 'CB.EN.U4CSE20142'),
('B.Tech..2020.R.CSE.2.19CSE311', 'CB.EN.U4CSE20143'),
('B.Tech..2020.R.CSE.2.19CSE311', 'CB.EN.U4CSE20144'),
('B.Tech..2020.R.CSE.2.19CSE311', 'CB.EN.U4CSE20145'),
('B.Tech..2020.R.CSE.2.19CSE311', 'CB.EN.U4CSE20146'),
('B.Tech..2020.R.CSE.2.19CSE311', 'CB.EN.U4CSE20147'),
('B.Tech..2020.R.CSE.2.19CSE311', 'CB.EN.U4CSE20148'),
('B.Tech..2020.R.CSE.2.19CSE311', 'CB.EN.U4CSE20149'),
('B.Tech..2020.R.CSE.2.19CSE311', 'CB.EN.U4CSE20150'),
('B.Tech..2020.R.CSE.2.19CSE311', 'CB.EN.U4CSE20151'),
('B.Tech..2020.R.CSE.2.19CSE311', 'CB.EN.U4CSE20152'),
('B.Tech..2020.R.CSE.2.19CSE311', 'CB.EN.U4CSE20153'),
('B.Tech..2020.R.CSE.2.19CSE311', 'CB.EN.U4CSE20154'),
('B.Tech..2020.R.CSE.2.19CSE311', 'CB.EN.U4CSE20155'),
('B.Tech..2020.R.CSE.2.19CSE311', 'CB.EN.U4CSE20156'),
('B.Tech..2020.R.CSE.2.19CSE311', 'CB.EN.U4CSE20157'),
('B.Tech..2020.R.CSE.2.19CSE311', 'CB.EN.U4CSE20158'),
('B.Tech..2020.R.CSE.2.19CSE311', 'CB.EN.U4CSE20159'),
('B.Tech..2020.R.CSE.2.19CSE311', 'CB.EN.U4CSE20160'),
('B.Tech..2020.R.CSE.2.19CSE311', 'CB.EN.U4CSE20161'),
('B.Tech..2020.R.CSE.2.19CSE311', 'CB.EN.U4CSE20162'),
('B.Tech..2020.R.CSE.2.19CSE311', 'CB.EN.U4CSE20163'),
('B.Tech..2020.R.CSE.2.19CSE311', 'CB.EN.U4CSE20164'),
('B.Tech..2020.R.CSE.2.19CSE311', 'CB.EN.U4CSE20165'),
('B.Tech..2020.R.CSE.2.19CSE311', 'CB.EN.U4CSE20166'),
('B.Tech..2020.R.CSE.2.19CSE311', 'CB.EN.U4CSE20167'),
('B.Tech..2020.R.CSE.2.19CSE311', 'CB.EN.U4CSE20168'),
('B.Tech..2020.R.CSE.2.19CSE311', 'CB.EN.U4CSE20169'),
('B.Tech..2020.R.CSE.2.19CSE311', 'CB.EN.U4CSE20170'),
('B.Tech..2020.R.CSE.2.19CSE311', 'CB.EN.U4CSE20171'),
('B.Tech..2020.R.CSE.2.19CSE312', 'CB.EN.U4CSE20101'),
('B.Tech..2020.R.CSE.2.19CSE312', 'CB.EN.U4CSE20102'),
('B.Tech..2020.R.CSE.2.19CSE312', 'CB.EN.U4CSE20103'),
('B.Tech..2020.R.CSE.2.19CSE312', 'CB.EN.U4CSE20104'),
('B.Tech..2020.R.CSE.2.19CSE312', 'CB.EN.U4CSE20105'),
('B.Tech..2020.R.CSE.2.19CSE312', 'CB.EN.U4CSE20106'),
('B.Tech..2020.R.CSE.2.19CSE312', 'CB.EN.U4CSE20107'),
('B.Tech..2020.R.CSE.2.19CSE312', 'CB.EN.U4CSE20109'),
('B.Tech..2020.R.CSE.2.19CSE312', 'CB.EN.U4CSE20110'),
('B.Tech..2020.R.CSE.2.19CSE312', 'CB.EN.U4CSE20111'),
('B.Tech..2020.R.CSE.2.19CSE312', 'CB.EN.U4CSE20112'),
('B.Tech..2020.R.CSE.2.19CSE312', 'CB.EN.U4CSE20113'),
('B.Tech..2020.R.CSE.2.19CSE312', 'CB.EN.U4CSE20114'),
('B.Tech..2020.R.CSE.2.19CSE312', 'CB.EN.U4CSE20115'),
('B.Tech..2020.R.CSE.2.19CSE312', 'CB.EN.U4CSE20116'),
('B.Tech..2020.R.CSE.2.19CSE312', 'CB.EN.U4CSE20117'),
('B.Tech..2020.R.CSE.2.19CSE312', 'CB.EN.U4CSE20118'),
('B.Tech..2020.R.CSE.2.19CSE312', 'CB.EN.U4CSE20119'),
('B.Tech..2020.R.CSE.2.19CSE312', 'CB.EN.U4CSE20120'),
('B.Tech..2020.R.CSE.2.19CSE312', 'CB.EN.U4CSE20121'),
('B.Tech..2020.R.CSE.2.19CSE312', 'CB.EN.U4CSE20122'),
('B.Tech..2020.R.CSE.2.19CSE312', 'CB.EN.U4CSE20123'),
('B.Tech..2020.R.CSE.2.19CSE312', 'CB.EN.U4CSE20124'),
('B.Tech..2020.R.CSE.2.19CSE312', 'CB.EN.U4CSE20125'),
('B.Tech..2020.R.CSE.2.19CSE312', 'CB.EN.U4CSE20126'),
('B.Tech..2020.R.CSE.2.19CSE312', 'CB.EN.U4CSE20127'),
('B.Tech..2020.R.CSE.2.19CSE312', 'CB.EN.U4CSE20128'),
('B.Tech..2020.R.CSE.2.19CSE312', 'CB.EN.U4CSE20129'),
('B.Tech..2020.R.CSE.2.19CSE312', 'CB.EN.U4CSE20130'),
('B.Tech..2020.R.CSE.2.19CSE312', 'CB.EN.U4CSE20131'),
('B.Tech..2020.R.CSE.2.19CSE312', 'CB.EN.U4CSE20132'),
('B.Tech..2020.R.CSE.2.19CSE312', 'CB.EN.U4CSE20133'),
('B.Tech..2020.R.CSE.2.19CSE312', 'CB.EN.U4CSE20134'),
('B.Tech..2020.R.CSE.2.19CSE312', 'CB.EN.U4CSE20135'),
('B.Tech..2020.R.CSE.2.19CSE312', 'CB.EN.U4CSE20136'),
('B.Tech..2020.R.CSE.2.19CSE312', 'CB.EN.U4CSE20137'),
('B.Tech..2020.R.CSE.2.19CSE312', 'CB.EN.U4CSE20138'),
('B.Tech..2020.R.CSE.2.19CSE312', 'CB.EN.U4CSE20139'),
('B.Tech..2020.R.CSE.2.19CSE312', 'CB.EN.U4CSE20140'),
('B.Tech..2020.R.CSE.2.19CSE312', 'CB.EN.U4CSE20141'),
('B.Tech..2020.R.CSE.2.19CSE312', 'CB.EN.U4CSE20142'),
('B.Tech..2020.R.CSE.2.19CSE312', 'CB.EN.U4CSE20143'),
('B.Tech..2020.R.CSE.2.19CSE312', 'CB.EN.U4CSE20144'),
('B.Tech..2020.R.CSE.2.19CSE312', 'CB.EN.U4CSE20145'),
('B.Tech..2020.R.CSE.2.19CSE312', 'CB.EN.U4CSE20146'),
('B.Tech..2020.R.CSE.2.19CSE312', 'CB.EN.U4CSE20147'),
('B.Tech..2020.R.CSE.2.19CSE312', 'CB.EN.U4CSE20148'),
('B.Tech..2020.R.CSE.2.19CSE312', 'CB.EN.U4CSE20149'),
('B.Tech..2020.R.CSE.2.19CSE312', 'CB.EN.U4CSE20150'),
('B.Tech..2020.R.CSE.2.19CSE312', 'CB.EN.U4CSE20151'),
('B.Tech..2020.R.CSE.2.19CSE312', 'CB.EN.U4CSE20152'),
('B.Tech..2020.R.CSE.2.19CSE312', 'CB.EN.U4CSE20153'),
('B.Tech..2020.R.CSE.2.19CSE312', 'CB.EN.U4CSE20154'),
('B.Tech..2020.R.CSE.2.19CSE312', 'CB.EN.U4CSE20155'),
('B.Tech..2020.R.CSE.2.19CSE312', 'CB.EN.U4CSE20156'),
('B.Tech..2020.R.CSE.2.19CSE312', 'CB.EN.U4CSE20157'),
('B.Tech..2020.R.CSE.2.19CSE312', 'CB.EN.U4CSE20158'),
('B.Tech..2020.R.CSE.2.19CSE312', 'CB.EN.U4CSE20159'),
('B.Tech..2020.R.CSE.2.19CSE312', 'CB.EN.U4CSE20160'),
('B.Tech..2020.R.CSE.2.19CSE312', 'CB.EN.U4CSE20161'),
('B.Tech..2020.R.CSE.2.19CSE312', 'CB.EN.U4CSE20162'),
('B.Tech..2020.R.CSE.2.19CSE312', 'CB.EN.U4CSE20163'),
('B.Tech..2020.R.CSE.2.19CSE312', 'CB.EN.U4CSE20164'),
('B.Tech..2020.R.CSE.2.19CSE312', 'CB.EN.U4CSE20165'),
('B.Tech..2020.R.CSE.2.19CSE312', 'CB.EN.U4CSE20166'),
('B.Tech..2020.R.CSE.2.19CSE312', 'CB.EN.U4CSE20167'),
('B.Tech..2020.R.CSE.2.19CSE312', 'CB.EN.U4CSE20168'),
('B.Tech..2020.R.CSE.2.19CSE312', 'CB.EN.U4CSE20169'),
('B.Tech..2020.R.CSE.2.19CSE312', 'CB.EN.U4CSE20170'),
('B.Tech..2020.R.CSE.2.19CSE312', 'CB.EN.U4CSE20171'),
('B.Tech..2020.R.CSE.2.19CSE313', 'CB.EN.U4CSE20101'),
('B.Tech..2020.R.CSE.2.19CSE313', 'CB.EN.U4CSE20102'),
('B.Tech..2020.R.CSE.2.19CSE313', 'CB.EN.U4CSE20103'),
('B.Tech..2020.R.CSE.2.19CSE313', 'CB.EN.U4CSE20104'),
('B.Tech..2020.R.CSE.2.19CSE313', 'CB.EN.U4CSE20105'),
('B.Tech..2020.R.CSE.2.19CSE313', 'CB.EN.U4CSE20106'),
('B.Tech..2020.R.CSE.2.19CSE313', 'CB.EN.U4CSE20107'),
('B.Tech..2020.R.CSE.2.19CSE313', 'CB.EN.U4CSE20109'),
('B.Tech..2020.R.CSE.2.19CSE313', 'CB.EN.U4CSE20110'),
('B.Tech..2020.R.CSE.2.19CSE313', 'CB.EN.U4CSE20111'),
('B.Tech..2020.R.CSE.2.19CSE313', 'CB.EN.U4CSE20112'),
('B.Tech..2020.R.CSE.2.19CSE313', 'CB.EN.U4CSE20113'),
('B.Tech..2020.R.CSE.2.19CSE313', 'CB.EN.U4CSE20114'),
('B.Tech..2020.R.CSE.2.19CSE313', 'CB.EN.U4CSE20115'),
('B.Tech..2020.R.CSE.2.19CSE313', 'CB.EN.U4CSE20116'),
('B.Tech..2020.R.CSE.2.19CSE313', 'CB.EN.U4CSE20117'),
('B.Tech..2020.R.CSE.2.19CSE313', 'CB.EN.U4CSE20118'),
('B.Tech..2020.R.CSE.2.19CSE313', 'CB.EN.U4CSE20119'),
('B.Tech..2020.R.CSE.2.19CSE313', 'CB.EN.U4CSE20120'),
('B.Tech..2020.R.CSE.2.19CSE313', 'CB.EN.U4CSE20121'),
('B.Tech..2020.R.CSE.2.19CSE313', 'CB.EN.U4CSE20122'),
('B.Tech..2020.R.CSE.2.19CSE313', 'CB.EN.U4CSE20123'),
('B.Tech..2020.R.CSE.2.19CSE313', 'CB.EN.U4CSE20124'),
('B.Tech..2020.R.CSE.2.19CSE313', 'CB.EN.U4CSE20125'),
('B.Tech..2020.R.CSE.2.19CSE313', 'CB.EN.U4CSE20126'),
('B.Tech..2020.R.CSE.2.19CSE313', 'CB.EN.U4CSE20127'),
('B.Tech..2020.R.CSE.2.19CSE313', 'CB.EN.U4CSE20128'),
('B.Tech..2020.R.CSE.2.19CSE313', 'CB.EN.U4CSE20129'),
('B.Tech..2020.R.CSE.2.19CSE313', 'CB.EN.U4CSE20130'),
('B.Tech..2020.R.CSE.2.19CSE313', 'CB.EN.U4CSE20131'),
('B.Tech..2020.R.CSE.2.19CSE313', 'CB.EN.U4CSE20132'),
('B.Tech..2020.R.CSE.2.19CSE313', 'CB.EN.U4CSE20133'),
('B.Tech..2020.R.CSE.2.19CSE313', 'CB.EN.U4CSE20134'),
('B.Tech..2020.R.CSE.2.19CSE313', 'CB.EN.U4CSE20135'),
('B.Tech..2020.R.CSE.2.19CSE313', 'CB.EN.U4CSE20136'),
('B.Tech..2020.R.CSE.2.19CSE313', 'CB.EN.U4CSE20137'),
('B.Tech..2020.R.CSE.2.19CSE313', 'CB.EN.U4CSE20138'),
('B.Tech..2020.R.CSE.2.19CSE313', 'CB.EN.U4CSE20139'),
('B.Tech..2020.R.CSE.2.19CSE313', 'CB.EN.U4CSE20140'),
('B.Tech..2020.R.CSE.2.19CSE313', 'CB.EN.U4CSE20141'),
('B.Tech..2020.R.CSE.2.19CSE313', 'CB.EN.U4CSE20142'),
('B.Tech..2020.R.CSE.2.19CSE313', 'CB.EN.U4CSE20143'),
('B.Tech..2020.R.CSE.2.19CSE313', 'CB.EN.U4CSE20144'),
('B.Tech..2020.R.CSE.2.19CSE313', 'CB.EN.U4CSE20145'),
('B.Tech..2020.R.CSE.2.19CSE313', 'CB.EN.U4CSE20146'),
('B.Tech..2020.R.CSE.2.19CSE313', 'CB.EN.U4CSE20147'),
('B.Tech..2020.R.CSE.2.19CSE313', 'CB.EN.U4CSE20148'),
('B.Tech..2020.R.CSE.2.19CSE313', 'CB.EN.U4CSE20149'),
('B.Tech..2020.R.CSE.2.19CSE313', 'CB.EN.U4CSE20150'),
('B.Tech..2020.R.CSE.2.19CSE313', 'CB.EN.U4CSE20151'),
('B.Tech..2020.R.CSE.2.19CSE313', 'CB.EN.U4CSE20152'),
('B.Tech..2020.R.CSE.2.19CSE313', 'CB.EN.U4CSE20153'),
('B.Tech..2020.R.CSE.2.19CSE313', 'CB.EN.U4CSE20154'),
('B.Tech..2020.R.CSE.2.19CSE313', 'CB.EN.U4CSE20155'),
('B.Tech..2020.R.CSE.2.19CSE313', 'CB.EN.U4CSE20156'),
('B.Tech..2020.R.CSE.2.19CSE313', 'CB.EN.U4CSE20157'),
('B.Tech..2020.R.CSE.2.19CSE313', 'CB.EN.U4CSE20158'),
('B.Tech..2020.R.CSE.2.19CSE313', 'CB.EN.U4CSE20159'),
('B.Tech..2020.R.CSE.2.19CSE313', 'CB.EN.U4CSE20160'),
('B.Tech..2020.R.CSE.2.19CSE313', 'CB.EN.U4CSE20161'),
('B.Tech..2020.R.CSE.2.19CSE313', 'CB.EN.U4CSE20162'),
('B.Tech..2020.R.CSE.2.19CSE313', 'CB.EN.U4CSE20163'),
('B.Tech..2020.R.CSE.2.19CSE313', 'CB.EN.U4CSE20164'),
('B.Tech..2020.R.CSE.2.19CSE313', 'CB.EN.U4CSE20165'),
('B.Tech..2020.R.CSE.2.19CSE313', 'CB.EN.U4CSE20166'),
('B.Tech..2020.R.CSE.2.19CSE313', 'CB.EN.U4CSE20167'),
('B.Tech..2020.R.CSE.2.19CSE313', 'CB.EN.U4CSE20168'),
('B.Tech..2020.R.CSE.2.19CSE313', 'CB.EN.U4CSE20169'),
('B.Tech..2020.R.CSE.2.19CSE313', 'CB.EN.U4CSE20170'),
('B.Tech..2020.R.CSE.2.19CSE313', 'CB.EN.U4CSE20171'),
('B.Tech..2020.R.CSE.2.19CSE314', 'CB.EN.U4CSE20101'),
('B.Tech..2020.R.CSE.2.19CSE314', 'CB.EN.U4CSE20102'),
('B.Tech..2020.R.CSE.2.19CSE314', 'CB.EN.U4CSE20103'),
('B.Tech..2020.R.CSE.2.19CSE314', 'CB.EN.U4CSE20104'),
('B.Tech..2020.R.CSE.2.19CSE314', 'CB.EN.U4CSE20105'),
('B.Tech..2020.R.CSE.2.19CSE314', 'CB.EN.U4CSE20106'),
('B.Tech..2020.R.CSE.2.19CSE314', 'CB.EN.U4CSE20107'),
('B.Tech..2020.R.CSE.2.19CSE314', 'CB.EN.U4CSE20109'),
('B.Tech..2020.R.CSE.2.19CSE314', 'CB.EN.U4CSE20110'),
('B.Tech..2020.R.CSE.2.19CSE314', 'CB.EN.U4CSE20111'),
('B.Tech..2020.R.CSE.2.19CSE314', 'CB.EN.U4CSE20112'),
('B.Tech..2020.R.CSE.2.19CSE314', 'CB.EN.U4CSE20113'),
('B.Tech..2020.R.CSE.2.19CSE314', 'CB.EN.U4CSE20114'),
('B.Tech..2020.R.CSE.2.19CSE314', 'CB.EN.U4CSE20115'),
('B.Tech..2020.R.CSE.2.19CSE314', 'CB.EN.U4CSE20116'),
('B.Tech..2020.R.CSE.2.19CSE314', 'CB.EN.U4CSE20117'),
('B.Tech..2020.R.CSE.2.19CSE314', 'CB.EN.U4CSE20118'),
('B.Tech..2020.R.CSE.2.19CSE314', 'CB.EN.U4CSE20119'),
('B.Tech..2020.R.CSE.2.19CSE314', 'CB.EN.U4CSE20120'),
('B.Tech..2020.R.CSE.2.19CSE314', 'CB.EN.U4CSE20121'),
('B.Tech..2020.R.CSE.2.19CSE314', 'CB.EN.U4CSE20122'),
('B.Tech..2020.R.CSE.2.19CSE314', 'CB.EN.U4CSE20123'),
('B.Tech..2020.R.CSE.2.19CSE314', 'CB.EN.U4CSE20124'),
('B.Tech..2020.R.CSE.2.19CSE314', 'CB.EN.U4CSE20125'),
('B.Tech..2020.R.CSE.2.19CSE314', 'CB.EN.U4CSE20126'),
('B.Tech..2020.R.CSE.2.19CSE314', 'CB.EN.U4CSE20127'),
('B.Tech..2020.R.CSE.2.19CSE314', 'CB.EN.U4CSE20128'),
('B.Tech..2020.R.CSE.2.19CSE314', 'CB.EN.U4CSE20129'),
('B.Tech..2020.R.CSE.2.19CSE314', 'CB.EN.U4CSE20130'),
('B.Tech..2020.R.CSE.2.19CSE314', 'CB.EN.U4CSE20131'),
('B.Tech..2020.R.CSE.2.19CSE314', 'CB.EN.U4CSE20132'),
('B.Tech..2020.R.CSE.2.19CSE314', 'CB.EN.U4CSE20133'),
('B.Tech..2020.R.CSE.2.19CSE314', 'CB.EN.U4CSE20134'),
('B.Tech..2020.R.CSE.2.19CSE314', 'CB.EN.U4CSE20135'),
('B.Tech..2020.R.CSE.2.19CSE314', 'CB.EN.U4CSE20136'),
('B.Tech..2020.R.CSE.2.19CSE314', 'CB.EN.U4CSE20137'),
('B.Tech..2020.R.CSE.2.19CSE314', 'CB.EN.U4CSE20138'),
('B.Tech..2020.R.CSE.2.19CSE314', 'CB.EN.U4CSE20139'),
('B.Tech..2020.R.CSE.2.19CSE314', 'CB.EN.U4CSE20140'),
('B.Tech..2020.R.CSE.2.19CSE314', 'CB.EN.U4CSE20141'),
('B.Tech..2020.R.CSE.2.19CSE314', 'CB.EN.U4CSE20142'),
('B.Tech..2020.R.CSE.2.19CSE314', 'CB.EN.U4CSE20143'),
('B.Tech..2020.R.CSE.2.19CSE314', 'CB.EN.U4CSE20144'),
('B.Tech..2020.R.CSE.2.19CSE314', 'CB.EN.U4CSE20145'),
('B.Tech..2020.R.CSE.2.19CSE314', 'CB.EN.U4CSE20146'),
('B.Tech..2020.R.CSE.2.19CSE314', 'CB.EN.U4CSE20147'),
('B.Tech..2020.R.CSE.2.19CSE314', 'CB.EN.U4CSE20148'),
('B.Tech..2020.R.CSE.2.19CSE314', 'CB.EN.U4CSE20149'),
('B.Tech..2020.R.CSE.2.19CSE314', 'CB.EN.U4CSE20150'),
('B.Tech..2020.R.CSE.2.19CSE314', 'CB.EN.U4CSE20151'),
('B.Tech..2020.R.CSE.2.19CSE314', 'CB.EN.U4CSE20152'),
('B.Tech..2020.R.CSE.2.19CSE314', 'CB.EN.U4CSE20153'),
('B.Tech..2020.R.CSE.2.19CSE314', 'CB.EN.U4CSE20154'),
('B.Tech..2020.R.CSE.2.19CSE314', 'CB.EN.U4CSE20155'),
('B.Tech..2020.R.CSE.2.19CSE314', 'CB.EN.U4CSE20156'),
('B.Tech..2020.R.CSE.2.19CSE314', 'CB.EN.U4CSE20157'),
('B.Tech..2020.R.CSE.2.19CSE314', 'CB.EN.U4CSE20158'),
('B.Tech..2020.R.CSE.2.19CSE314', 'CB.EN.U4CSE20159'),
('B.Tech..2020.R.CSE.2.19CSE314', 'CB.EN.U4CSE20160'),
('B.Tech..2020.R.CSE.2.19CSE314', 'CB.EN.U4CSE20161'),
('B.Tech..2020.R.CSE.2.19CSE314', 'CB.EN.U4CSE20162'),
('B.Tech..2020.R.CSE.2.19CSE314', 'CB.EN.U4CSE20163'),
('B.Tech..2020.R.CSE.2.19CSE314', 'CB.EN.U4CSE20164'),
('B.Tech..2020.R.CSE.2.19CSE314', 'CB.EN.U4CSE20165'),
('B.Tech..2020.R.CSE.2.19CSE314', 'CB.EN.U4CSE20166'),
('B.Tech..2020.R.CSE.2.19CSE314', 'CB.EN.U4CSE20167'),
('B.Tech..2020.R.CSE.2.19CSE314', 'CB.EN.U4CSE20168'),
('B.Tech..2020.R.CSE.2.19CSE314', 'CB.EN.U4CSE20169'),
('B.Tech..2020.R.CSE.2.19CSE314', 'CB.EN.U4CSE20170'),
('B.Tech..2020.R.CSE.2.19CSE314', 'CB.EN.U4CSE20171'),
('B.Tech..2020.R.CSE.3.19CSE311', 'CB.EN.U4CSE20201'),
('B.Tech..2020.R.CSE.3.19CSE311', 'CB.EN.U4CSE20202'),
('B.Tech..2020.R.CSE.3.19CSE311', 'CB.EN.U4CSE20203'),
('B.Tech..2020.R.CSE.3.19CSE311', 'CB.EN.U4CSE20204'),
('B.Tech..2020.R.CSE.3.19CSE311', 'CB.EN.U4CSE20205'),
('B.Tech..2020.R.CSE.3.19CSE311', 'CB.EN.U4CSE20206'),
('B.Tech..2020.R.CSE.3.19CSE311', 'CB.EN.U4CSE20207'),
('B.Tech..2020.R.CSE.3.19CSE311', 'CB.EN.U4CSE20208'),
('B.Tech..2020.R.CSE.3.19CSE311', 'CB.EN.U4CSE20209'),
('B.Tech..2020.R.CSE.3.19CSE311', 'CB.EN.U4CSE20210'),
('B.Tech..2020.R.CSE.3.19CSE311', 'CB.EN.U4CSE20211'),
('B.Tech..2020.R.CSE.3.19CSE311', 'CB.EN.U4CSE20212'),
('B.Tech..2020.R.CSE.3.19CSE311', 'CB.EN.U4CSE20213'),
('B.Tech..2020.R.CSE.3.19CSE311', 'CB.EN.U4CSE20214'),
('B.Tech..2020.R.CSE.3.19CSE311', 'CB.EN.U4CSE20215'),
('B.Tech..2020.R.CSE.3.19CSE311', 'CB.EN.U4CSE20216'),
('B.Tech..2020.R.CSE.3.19CSE311', 'CB.EN.U4CSE20217'),
('B.Tech..2020.R.CSE.3.19CSE311', 'CB.EN.U4CSE20218'),
('B.Tech..2020.R.CSE.3.19CSE311', 'CB.EN.U4CSE20219'),
('B.Tech..2020.R.CSE.3.19CSE311', 'CB.EN.U4CSE20220'),
('B.Tech..2020.R.CSE.3.19CSE311', 'CB.EN.U4CSE20221'),
('B.Tech..2020.R.CSE.3.19CSE311', 'CB.EN.U4CSE20222'),
('B.Tech..2020.R.CSE.3.19CSE311', 'CB.EN.U4CSE20223'),
('B.Tech..2020.R.CSE.3.19CSE311', 'CB.EN.U4CSE20224'),
('B.Tech..2020.R.CSE.3.19CSE311', 'CB.EN.U4CSE20226'),
('B.Tech..2020.R.CSE.3.19CSE311', 'CB.EN.U4CSE20227'),
('B.Tech..2020.R.CSE.3.19CSE311', 'CB.EN.U4CSE20228'),
('B.Tech..2020.R.CSE.3.19CSE311', 'CB.EN.U4CSE20229'),
('B.Tech..2020.R.CSE.3.19CSE311', 'CB.EN.U4CSE20230'),
('B.Tech..2020.R.CSE.3.19CSE311', 'CB.EN.U4CSE20231'),
('B.Tech..2020.R.CSE.3.19CSE311', 'CB.EN.U4CSE20232'),
('B.Tech..2020.R.CSE.3.19CSE311', 'CB.EN.U4CSE20234'),
('B.Tech..2020.R.CSE.3.19CSE311', 'CB.EN.U4CSE20235'),
('B.Tech..2020.R.CSE.3.19CSE311', 'CB.EN.U4CSE20236'),
('B.Tech..2020.R.CSE.3.19CSE311', 'CB.EN.U4CSE20237'),
('B.Tech..2020.R.CSE.3.19CSE311', 'CB.EN.U4CSE20238'),
('B.Tech..2020.R.CSE.3.19CSE311', 'CB.EN.U4CSE20239'),
('B.Tech..2020.R.CSE.3.19CSE311', 'CB.EN.U4CSE20240'),
('B.Tech..2020.R.CSE.3.19CSE311', 'CB.EN.U4CSE20241'),
('B.Tech..2020.R.CSE.3.19CSE311', 'CB.EN.U4CSE20242'),
('B.Tech..2020.R.CSE.3.19CSE311', 'CB.EN.U4CSE20243'),
('B.Tech..2020.R.CSE.3.19CSE311', 'CB.EN.U4CSE20244'),
('B.Tech..2020.R.CSE.3.19CSE311', 'CB.EN.U4CSE20245'),
('B.Tech..2020.R.CSE.3.19CSE311', 'CB.EN.U4CSE20246'),
('B.Tech..2020.R.CSE.3.19CSE311', 'CB.EN.U4CSE20247'),
('B.Tech..2020.R.CSE.3.19CSE311', 'CB.EN.U4CSE20248'),
('B.Tech..2020.R.CSE.3.19CSE311', 'CB.EN.U4CSE20249'),
('B.Tech..2020.R.CSE.3.19CSE311', 'CB.EN.U4CSE20250'),
('B.Tech..2020.R.CSE.3.19CSE311', 'CB.EN.U4CSE20251'),
('B.Tech..2020.R.CSE.3.19CSE311', 'CB.EN.U4CSE20252'),
('B.Tech..2020.R.CSE.3.19CSE311', 'CB.EN.U4CSE20253'),
('B.Tech..2020.R.CSE.3.19CSE311', 'CB.EN.U4CSE20254'),
('B.Tech..2020.R.CSE.3.19CSE311', 'CB.EN.U4CSE20255'),
('B.Tech..2020.R.CSE.3.19CSE311', 'CB.EN.U4CSE20256'),
('B.Tech..2020.R.CSE.3.19CSE311', 'CB.EN.U4CSE20257'),
('B.Tech..2020.R.CSE.3.19CSE311', 'CB.EN.U4CSE20258'),
('B.Tech..2020.R.CSE.3.19CSE311', 'CB.EN.U4CSE20259'),
('B.Tech..2020.R.CSE.3.19CSE311', 'CB.EN.U4CSE20260'),
('B.Tech..2020.R.CSE.3.19CSE311', 'CB.EN.U4CSE20261'),
('B.Tech..2020.R.CSE.3.19CSE311', 'CB.EN.U4CSE20262'),
('B.Tech..2020.R.CSE.3.19CSE311', 'CB.EN.U4CSE20264'),
('B.Tech..2020.R.CSE.3.19CSE311', 'CB.EN.U4CSE20265'),
('B.Tech..2020.R.CSE.3.19CSE311', 'CB.EN.U4CSE20266'),
('B.Tech..2020.R.CSE.3.19CSE311', 'CB.EN.U4CSE20267'),
('B.Tech..2020.R.CSE.3.19CSE311', 'CB.EN.U4CSE20268'),
('B.Tech..2020.R.CSE.3.19CSE311', 'CB.EN.U4CSE20269'),
('B.Tech..2020.R.CSE.3.19CSE311', 'CB.EN.U4CSE20270'),
('B.Tech..2020.R.CSE.3.19CSE311', 'CB.EN.U4CSE20271'),
('B.Tech..2020.R.CSE.3.19CSE312', 'CB.EN.U4CSE20201'),
('B.Tech..2020.R.CSE.3.19CSE312', 'CB.EN.U4CSE20202'),
('B.Tech..2020.R.CSE.3.19CSE312', 'CB.EN.U4CSE20203'),
('B.Tech..2020.R.CSE.3.19CSE312', 'CB.EN.U4CSE20204'),
('B.Tech..2020.R.CSE.3.19CSE312', 'CB.EN.U4CSE20205'),
('B.Tech..2020.R.CSE.3.19CSE312', 'CB.EN.U4CSE20206'),
('B.Tech..2020.R.CSE.3.19CSE312', 'CB.EN.U4CSE20207'),
('B.Tech..2020.R.CSE.3.19CSE312', 'CB.EN.U4CSE20208'),
('B.Tech..2020.R.CSE.3.19CSE312', 'CB.EN.U4CSE20209'),
('B.Tech..2020.R.CSE.3.19CSE312', 'CB.EN.U4CSE20210'),
('B.Tech..2020.R.CSE.3.19CSE312', 'CB.EN.U4CSE20211'),
('B.Tech..2020.R.CSE.3.19CSE312', 'CB.EN.U4CSE20212'),
('B.Tech..2020.R.CSE.3.19CSE312', 'CB.EN.U4CSE20213'),
('B.Tech..2020.R.CSE.3.19CSE312', 'CB.EN.U4CSE20214'),
('B.Tech..2020.R.CSE.3.19CSE312', 'CB.EN.U4CSE20215'),
('B.Tech..2020.R.CSE.3.19CSE312', 'CB.EN.U4CSE20216'),
('B.Tech..2020.R.CSE.3.19CSE312', 'CB.EN.U4CSE20217'),
('B.Tech..2020.R.CSE.3.19CSE312', 'CB.EN.U4CSE20218'),
('B.Tech..2020.R.CSE.3.19CSE312', 'CB.EN.U4CSE20219'),
('B.Tech..2020.R.CSE.3.19CSE312', 'CB.EN.U4CSE20220'),
('B.Tech..2020.R.CSE.3.19CSE312', 'CB.EN.U4CSE20221'),
('B.Tech..2020.R.CSE.3.19CSE312', 'CB.EN.U4CSE20222'),
('B.Tech..2020.R.CSE.3.19CSE312', 'CB.EN.U4CSE20223'),
('B.Tech..2020.R.CSE.3.19CSE312', 'CB.EN.U4CSE20224'),
('B.Tech..2020.R.CSE.3.19CSE312', 'CB.EN.U4CSE20226'),
('B.Tech..2020.R.CSE.3.19CSE312', 'CB.EN.U4CSE20227'),
('B.Tech..2020.R.CSE.3.19CSE312', 'CB.EN.U4CSE20228'),
('B.Tech..2020.R.CSE.3.19CSE312', 'CB.EN.U4CSE20229'),
('B.Tech..2020.R.CSE.3.19CSE312', 'CB.EN.U4CSE20230'),
('B.Tech..2020.R.CSE.3.19CSE312', 'CB.EN.U4CSE20231'),
('B.Tech..2020.R.CSE.3.19CSE312', 'CB.EN.U4CSE20232'),
('B.Tech..2020.R.CSE.3.19CSE312', 'CB.EN.U4CSE20234'),
('B.Tech..2020.R.CSE.3.19CSE312', 'CB.EN.U4CSE20235'),
('B.Tech..2020.R.CSE.3.19CSE312', 'CB.EN.U4CSE20236'),
('B.Tech..2020.R.CSE.3.19CSE312', 'CB.EN.U4CSE20237'),
('B.Tech..2020.R.CSE.3.19CSE312', 'CB.EN.U4CSE20238'),
('B.Tech..2020.R.CSE.3.19CSE312', 'CB.EN.U4CSE20239'),
('B.Tech..2020.R.CSE.3.19CSE312', 'CB.EN.U4CSE20240'),
('B.Tech..2020.R.CSE.3.19CSE312', 'CB.EN.U4CSE20241'),
('B.Tech..2020.R.CSE.3.19CSE312', 'CB.EN.U4CSE20242'),
('B.Tech..2020.R.CSE.3.19CSE312', 'CB.EN.U4CSE20243'),
('B.Tech..2020.R.CSE.3.19CSE312', 'CB.EN.U4CSE20244'),
('B.Tech..2020.R.CSE.3.19CSE312', 'CB.EN.U4CSE20245'),
('B.Tech..2020.R.CSE.3.19CSE312', 'CB.EN.U4CSE20246'),
('B.Tech..2020.R.CSE.3.19CSE312', 'CB.EN.U4CSE20247'),
('B.Tech..2020.R.CSE.3.19CSE312', 'CB.EN.U4CSE20248'),
('B.Tech..2020.R.CSE.3.19CSE312', 'CB.EN.U4CSE20249'),
('B.Tech..2020.R.CSE.3.19CSE312', 'CB.EN.U4CSE20250'),
('B.Tech..2020.R.CSE.3.19CSE312', 'CB.EN.U4CSE20251'),
('B.Tech..2020.R.CSE.3.19CSE312', 'CB.EN.U4CSE20252'),
('B.Tech..2020.R.CSE.3.19CSE312', 'CB.EN.U4CSE20253'),
('B.Tech..2020.R.CSE.3.19CSE312', 'CB.EN.U4CSE20254'),
('B.Tech..2020.R.CSE.3.19CSE312', 'CB.EN.U4CSE20255'),
('B.Tech..2020.R.CSE.3.19CSE312', 'CB.EN.U4CSE20256'),
('B.Tech..2020.R.CSE.3.19CSE312', 'CB.EN.U4CSE20257'),
('B.Tech..2020.R.CSE.3.19CSE312', 'CB.EN.U4CSE20258'),
('B.Tech..2020.R.CSE.3.19CSE312', 'CB.EN.U4CSE20259'),
('B.Tech..2020.R.CSE.3.19CSE312', 'CB.EN.U4CSE20260'),
('B.Tech..2020.R.CSE.3.19CSE312', 'CB.EN.U4CSE20261'),
('B.Tech..2020.R.CSE.3.19CSE312', 'CB.EN.U4CSE20262'),
('B.Tech..2020.R.CSE.3.19CSE312', 'CB.EN.U4CSE20264'),
('B.Tech..2020.R.CSE.3.19CSE312', 'CB.EN.U4CSE20265'),
('B.Tech..2020.R.CSE.3.19CSE312', 'CB.EN.U4CSE20266'),
('B.Tech..2020.R.CSE.3.19CSE312', 'CB.EN.U4CSE20267'),
('B.Tech..2020.R.CSE.3.19CSE312', 'CB.EN.U4CSE20268'),
('B.Tech..2020.R.CSE.3.19CSE312', 'CB.EN.U4CSE20269'),
('B.Tech..2020.R.CSE.3.19CSE312', 'CB.EN.U4CSE20270'),
('B.Tech..2020.R.CSE.3.19CSE312', 'CB.EN.U4CSE20271'),
('B.Tech..2020.R.CSE.3.19CSE313', 'CB.EN.U4CSE20201'),
('B.Tech..2020.R.CSE.3.19CSE313', 'CB.EN.U4CSE20202'),
('B.Tech..2020.R.CSE.3.19CSE313', 'CB.EN.U4CSE20203'),
('B.Tech..2020.R.CSE.3.19CSE313', 'CB.EN.U4CSE20204'),
('B.Tech..2020.R.CSE.3.19CSE313', 'CB.EN.U4CSE20205'),
('B.Tech..2020.R.CSE.3.19CSE313', 'CB.EN.U4CSE20206'),
('B.Tech..2020.R.CSE.3.19CSE313', 'CB.EN.U4CSE20207'),
('B.Tech..2020.R.CSE.3.19CSE313', 'CB.EN.U4CSE20208'),
('B.Tech..2020.R.CSE.3.19CSE313', 'CB.EN.U4CSE20209'),
('B.Tech..2020.R.CSE.3.19CSE313', 'CB.EN.U4CSE20210'),
('B.Tech..2020.R.CSE.3.19CSE313', 'CB.EN.U4CSE20211'),
('B.Tech..2020.R.CSE.3.19CSE313', 'CB.EN.U4CSE20212'),
('B.Tech..2020.R.CSE.3.19CSE313', 'CB.EN.U4CSE20213'),
('B.Tech..2020.R.CSE.3.19CSE313', 'CB.EN.U4CSE20214'),
('B.Tech..2020.R.CSE.3.19CSE313', 'CB.EN.U4CSE20215'),
('B.Tech..2020.R.CSE.3.19CSE313', 'CB.EN.U4CSE20216'),
('B.Tech..2020.R.CSE.3.19CSE313', 'CB.EN.U4CSE20217'),
('B.Tech..2020.R.CSE.3.19CSE313', 'CB.EN.U4CSE20218'),
('B.Tech..2020.R.CSE.3.19CSE313', 'CB.EN.U4CSE20219'),
('B.Tech..2020.R.CSE.3.19CSE313', 'CB.EN.U4CSE20220'),
('B.Tech..2020.R.CSE.3.19CSE313', 'CB.EN.U4CSE20221'),
('B.Tech..2020.R.CSE.3.19CSE313', 'CB.EN.U4CSE20222'),
('B.Tech..2020.R.CSE.3.19CSE313', 'CB.EN.U4CSE20223'),
('B.Tech..2020.R.CSE.3.19CSE313', 'CB.EN.U4CSE20224'),
('B.Tech..2020.R.CSE.3.19CSE313', 'CB.EN.U4CSE20226'),
('B.Tech..2020.R.CSE.3.19CSE313', 'CB.EN.U4CSE20227'),
('B.Tech..2020.R.CSE.3.19CSE313', 'CB.EN.U4CSE20228'),
('B.Tech..2020.R.CSE.3.19CSE313', 'CB.EN.U4CSE20229'),
('B.Tech..2020.R.CSE.3.19CSE313', 'CB.EN.U4CSE20230'),
('B.Tech..2020.R.CSE.3.19CSE313', 'CB.EN.U4CSE20231'),
('B.Tech..2020.R.CSE.3.19CSE313', 'CB.EN.U4CSE20232'),
('B.Tech..2020.R.CSE.3.19CSE313', 'CB.EN.U4CSE20234'),
('B.Tech..2020.R.CSE.3.19CSE313', 'CB.EN.U4CSE20235'),
('B.Tech..2020.R.CSE.3.19CSE313', 'CB.EN.U4CSE20236'),
('B.Tech..2020.R.CSE.3.19CSE313', 'CB.EN.U4CSE20237'),
('B.Tech..2020.R.CSE.3.19CSE313', 'CB.EN.U4CSE20238'),
('B.Tech..2020.R.CSE.3.19CSE313', 'CB.EN.U4CSE20239'),
('B.Tech..2020.R.CSE.3.19CSE313', 'CB.EN.U4CSE20240'),
('B.Tech..2020.R.CSE.3.19CSE313', 'CB.EN.U4CSE20241'),
('B.Tech..2020.R.CSE.3.19CSE313', 'CB.EN.U4CSE20242'),
('B.Tech..2020.R.CSE.3.19CSE313', 'CB.EN.U4CSE20243'),
('B.Tech..2020.R.CSE.3.19CSE313', 'CB.EN.U4CSE20244'),
('B.Tech..2020.R.CSE.3.19CSE313', 'CB.EN.U4CSE20245'),
('B.Tech..2020.R.CSE.3.19CSE313', 'CB.EN.U4CSE20246'),
('B.Tech..2020.R.CSE.3.19CSE313', 'CB.EN.U4CSE20247'),
('B.Tech..2020.R.CSE.3.19CSE313', 'CB.EN.U4CSE20248'),
('B.Tech..2020.R.CSE.3.19CSE313', 'CB.EN.U4CSE20249'),
('B.Tech..2020.R.CSE.3.19CSE313', 'CB.EN.U4CSE20250'),
('B.Tech..2020.R.CSE.3.19CSE313', 'CB.EN.U4CSE20251'),
('B.Tech..2020.R.CSE.3.19CSE313', 'CB.EN.U4CSE20252'),
('B.Tech..2020.R.CSE.3.19CSE313', 'CB.EN.U4CSE20253'),
('B.Tech..2020.R.CSE.3.19CSE313', 'CB.EN.U4CSE20254'),
('B.Tech..2020.R.CSE.3.19CSE313', 'CB.EN.U4CSE20255'),
('B.Tech..2020.R.CSE.3.19CSE313', 'CB.EN.U4CSE20256'),
('B.Tech..2020.R.CSE.3.19CSE313', 'CB.EN.U4CSE20257'),
('B.Tech..2020.R.CSE.3.19CSE313', 'CB.EN.U4CSE20258'),
('B.Tech..2020.R.CSE.3.19CSE313', 'CB.EN.U4CSE20259'),
('B.Tech..2020.R.CSE.3.19CSE313', 'CB.EN.U4CSE20260'),
('B.Tech..2020.R.CSE.3.19CSE313', 'CB.EN.U4CSE20261'),
('B.Tech..2020.R.CSE.3.19CSE313', 'CB.EN.U4CSE20262'),
('B.Tech..2020.R.CSE.3.19CSE313', 'CB.EN.U4CSE20264'),
('B.Tech..2020.R.CSE.3.19CSE313', 'CB.EN.U4CSE20265'),
('B.Tech..2020.R.CSE.3.19CSE313', 'CB.EN.U4CSE20266'),
('B.Tech..2020.R.CSE.3.19CSE313', 'CB.EN.U4CSE20267'),
('B.Tech..2020.R.CSE.3.19CSE313', 'CB.EN.U4CSE20268'),
('B.Tech..2020.R.CSE.3.19CSE313', 'CB.EN.U4CSE20269'),
('B.Tech..2020.R.CSE.3.19CSE313', 'CB.EN.U4CSE20270'),
('B.Tech..2020.R.CSE.3.19CSE313', 'CB.EN.U4CSE20271'),
('B.Tech..2020.R.CSE.3.19CSE314', 'CB.EN.U4CSE20201'),
('B.Tech..2020.R.CSE.3.19CSE314', 'CB.EN.U4CSE20202'),
('B.Tech..2020.R.CSE.3.19CSE314', 'CB.EN.U4CSE20203'),
('B.Tech..2020.R.CSE.3.19CSE314', 'CB.EN.U4CSE20204'),
('B.Tech..2020.R.CSE.3.19CSE314', 'CB.EN.U4CSE20205'),
('B.Tech..2020.R.CSE.3.19CSE314', 'CB.EN.U4CSE20206'),
('B.Tech..2020.R.CSE.3.19CSE314', 'CB.EN.U4CSE20207'),
('B.Tech..2020.R.CSE.3.19CSE314', 'CB.EN.U4CSE20208'),
('B.Tech..2020.R.CSE.3.19CSE314', 'CB.EN.U4CSE20209'),
('B.Tech..2020.R.CSE.3.19CSE314', 'CB.EN.U4CSE20210'),
('B.Tech..2020.R.CSE.3.19CSE314', 'CB.EN.U4CSE20211'),
('B.Tech..2020.R.CSE.3.19CSE314', 'CB.EN.U4CSE20212'),
('B.Tech..2020.R.CSE.3.19CSE314', 'CB.EN.U4CSE20213'),
('B.Tech..2020.R.CSE.3.19CSE314', 'CB.EN.U4CSE20214'),
('B.Tech..2020.R.CSE.3.19CSE314', 'CB.EN.U4CSE20215'),
('B.Tech..2020.R.CSE.3.19CSE314', 'CB.EN.U4CSE20216'),
('B.Tech..2020.R.CSE.3.19CSE314', 'CB.EN.U4CSE20217'),
('B.Tech..2020.R.CSE.3.19CSE314', 'CB.EN.U4CSE20218'),
('B.Tech..2020.R.CSE.3.19CSE314', 'CB.EN.U4CSE20219'),
('B.Tech..2020.R.CSE.3.19CSE314', 'CB.EN.U4CSE20220'),
('B.Tech..2020.R.CSE.3.19CSE314', 'CB.EN.U4CSE20221'),
('B.Tech..2020.R.CSE.3.19CSE314', 'CB.EN.U4CSE20222'),
('B.Tech..2020.R.CSE.3.19CSE314', 'CB.EN.U4CSE20223'),
('B.Tech..2020.R.CSE.3.19CSE314', 'CB.EN.U4CSE20224'),
('B.Tech..2020.R.CSE.3.19CSE314', 'CB.EN.U4CSE20226'),
('B.Tech..2020.R.CSE.3.19CSE314', 'CB.EN.U4CSE20227'),
('B.Tech..2020.R.CSE.3.19CSE314', 'CB.EN.U4CSE20228'),
('B.Tech..2020.R.CSE.3.19CSE314', 'CB.EN.U4CSE20229'),
('B.Tech..2020.R.CSE.3.19CSE314', 'CB.EN.U4CSE20230'),
('B.Tech..2020.R.CSE.3.19CSE314', 'CB.EN.U4CSE20231'),
('B.Tech..2020.R.CSE.3.19CSE314', 'CB.EN.U4CSE20232'),
('B.Tech..2020.R.CSE.3.19CSE314', 'CB.EN.U4CSE20234'),
('B.Tech..2020.R.CSE.3.19CSE314', 'CB.EN.U4CSE20235'),
('B.Tech..2020.R.CSE.3.19CSE314', 'CB.EN.U4CSE20236'),
('B.Tech..2020.R.CSE.3.19CSE314', 'CB.EN.U4CSE20237'),
('B.Tech..2020.R.CSE.3.19CSE314', 'CB.EN.U4CSE20238'),
('B.Tech..2020.R.CSE.3.19CSE314', 'CB.EN.U4CSE20239'),
('B.Tech..2020.R.CSE.3.19CSE314', 'CB.EN.U4CSE20240'),
('B.Tech..2020.R.CSE.3.19CSE314', 'CB.EN.U4CSE20241'),
('B.Tech..2020.R.CSE.3.19CSE314', 'CB.EN.U4CSE20242'),
('B.Tech..2020.R.CSE.3.19CSE314', 'CB.EN.U4CSE20243'),
('B.Tech..2020.R.CSE.3.19CSE314', 'CB.EN.U4CSE20244'),
('B.Tech..2020.R.CSE.3.19CSE314', 'CB.EN.U4CSE20245'),
('B.Tech..2020.R.CSE.3.19CSE314', 'CB.EN.U4CSE20246'),
('B.Tech..2020.R.CSE.3.19CSE314', 'CB.EN.U4CSE20247'),
('B.Tech..2020.R.CSE.3.19CSE314', 'CB.EN.U4CSE20248'),
('B.Tech..2020.R.CSE.3.19CSE314', 'CB.EN.U4CSE20249'),
('B.Tech..2020.R.CSE.3.19CSE314', 'CB.EN.U4CSE20250'),
('B.Tech..2020.R.CSE.3.19CSE314', 'CB.EN.U4CSE20251'),
('B.Tech..2020.R.CSE.3.19CSE314', 'CB.EN.U4CSE20252'),
('B.Tech..2020.R.CSE.3.19CSE314', 'CB.EN.U4CSE20253'),
('B.Tech..2020.R.CSE.3.19CSE314', 'CB.EN.U4CSE20254'),
('B.Tech..2020.R.CSE.3.19CSE314', 'CB.EN.U4CSE20255'),
('B.Tech..2020.R.CSE.3.19CSE314', 'CB.EN.U4CSE20256'),
('B.Tech..2020.R.CSE.3.19CSE314', 'CB.EN.U4CSE20257'),
('B.Tech..2020.R.CSE.3.19CSE314', 'CB.EN.U4CSE20258'),
('B.Tech..2020.R.CSE.3.19CSE314', 'CB.EN.U4CSE20259'),
('B.Tech..2020.R.CSE.3.19CSE314', 'CB.EN.U4CSE20260'),
('B.Tech..2020.R.CSE.3.19CSE314', 'CB.EN.U4CSE20261'),
('B.Tech..2020.R.CSE.3.19CSE314', 'CB.EN.U4CSE20262'),
('B.Tech..2020.R.CSE.3.19CSE314', 'CB.EN.U4CSE20264'),
('B.Tech..2020.R.CSE.3.19CSE314', 'CB.EN.U4CSE20265'),
('B.Tech..2020.R.CSE.3.19CSE314', 'CB.EN.U4CSE20266'),
('B.Tech..2020.R.CSE.3.19CSE314', 'CB.EN.U4CSE20267'),
('B.Tech..2020.R.CSE.3.19CSE314', 'CB.EN.U4CSE20268'),
('B.Tech..2020.R.CSE.3.19CSE314', 'CB.EN.U4CSE20269'),
('B.Tech..2020.R.CSE.3.19CSE314', 'CB.EN.U4CSE20270'),
('B.Tech..2020.R.CSE.3.19CSE314', 'CB.EN.U4CSE20271'),
('B.Tech..2020.R.CSE.4.19CSE311', 'CB.EN.U4CSE20301'),
('B.Tech..2020.R.CSE.4.19CSE311', 'CB.EN.U4CSE20303'),
('B.Tech..2020.R.CSE.4.19CSE311', 'CB.EN.U4CSE20304'),
('B.Tech..2020.R.CSE.4.19CSE311', 'CB.EN.U4CSE20305'),
('B.Tech..2020.R.CSE.4.19CSE311', 'CB.EN.U4CSE20306'),
('B.Tech..2020.R.CSE.4.19CSE311', 'CB.EN.U4CSE20307'),
('B.Tech..2020.R.CSE.4.19CSE311', 'CB.EN.U4CSE20308'),
('B.Tech..2020.R.CSE.4.19CSE311', 'CB.EN.U4CSE20309'),
('B.Tech..2020.R.CSE.4.19CSE311', 'CB.EN.U4CSE20310'),
('B.Tech..2020.R.CSE.4.19CSE311', 'CB.EN.U4CSE20312'),
('B.Tech..2020.R.CSE.4.19CSE311', 'CB.EN.U4CSE20313'),
('B.Tech..2020.R.CSE.4.19CSE311', 'CB.EN.U4CSE20314'),
('B.Tech..2020.R.CSE.4.19CSE311', 'CB.EN.U4CSE20315'),
('B.Tech..2020.R.CSE.4.19CSE311', 'CB.EN.U4CSE20316'),
('B.Tech..2020.R.CSE.4.19CSE311', 'CB.EN.U4CSE20317'),
('B.Tech..2020.R.CSE.4.19CSE311', 'CB.EN.U4CSE20318'),
('B.Tech..2020.R.CSE.4.19CSE311', 'CB.EN.U4CSE20319'),
('B.Tech..2020.R.CSE.4.19CSE311', 'CB.EN.U4CSE20320'),
('B.Tech..2020.R.CSE.4.19CSE311', 'CB.EN.U4CSE20321'),
('B.Tech..2020.R.CSE.4.19CSE311', 'CB.EN.U4CSE20322'),
('B.Tech..2020.R.CSE.4.19CSE311', 'CB.EN.U4CSE20323'),
('B.Tech..2020.R.CSE.4.19CSE311', 'CB.EN.U4CSE20324'),
('B.Tech..2020.R.CSE.4.19CSE311', 'CB.EN.U4CSE20327'),
('B.Tech..2020.R.CSE.4.19CSE311', 'CB.EN.U4CSE20328'),
('B.Tech..2020.R.CSE.4.19CSE311', 'CB.EN.U4CSE20329'),
('B.Tech..2020.R.CSE.4.19CSE311', 'CB.EN.U4CSE20331'),
('B.Tech..2020.R.CSE.4.19CSE311', 'CB.EN.U4CSE20332'),
('B.Tech..2020.R.CSE.4.19CSE311', 'CB.EN.U4CSE20333'),
('B.Tech..2020.R.CSE.4.19CSE311', 'CB.EN.U4CSE20334'),
('B.Tech..2020.R.CSE.4.19CSE311', 'CB.EN.U4CSE20335'),
('B.Tech..2020.R.CSE.4.19CSE311', 'CB.EN.U4CSE20336'),
('B.Tech..2020.R.CSE.4.19CSE311', 'CB.EN.U4CSE20337'),
('B.Tech..2020.R.CSE.4.19CSE311', 'CB.EN.U4CSE20338'),
('B.Tech..2020.R.CSE.4.19CSE311', 'CB.EN.U4CSE20339'),
('B.Tech..2020.R.CSE.4.19CSE311', 'CB.EN.U4CSE20340'),
('B.Tech..2020.R.CSE.4.19CSE311', 'CB.EN.U4CSE20341'),
('B.Tech..2020.R.CSE.4.19CSE311', 'CB.EN.U4CSE20342'),
('B.Tech..2020.R.CSE.4.19CSE311', 'CB.EN.U4CSE20343'),
('B.Tech..2020.R.CSE.4.19CSE311', 'CB.EN.U4CSE20344'),
('B.Tech..2020.R.CSE.4.19CSE311', 'CB.EN.U4CSE20345'),
('B.Tech..2020.R.CSE.4.19CSE311', 'CB.EN.U4CSE20346'),
('B.Tech..2020.R.CSE.4.19CSE311', 'CB.EN.U4CSE20347'),
('B.Tech..2020.R.CSE.4.19CSE311', 'CB.EN.U4CSE20348'),
('B.Tech..2020.R.CSE.4.19CSE311', 'CB.EN.U4CSE20349'),
('B.Tech..2020.R.CSE.4.19CSE311', 'CB.EN.U4CSE20350'),
('B.Tech..2020.R.CSE.4.19CSE311', 'CB.EN.U4CSE20351'),
('B.Tech..2020.R.CSE.4.19CSE311', 'CB.EN.U4CSE20352'),
('B.Tech..2020.R.CSE.4.19CSE311', 'CB.EN.U4CSE20353'),
('B.Tech..2020.R.CSE.4.19CSE311', 'CB.EN.U4CSE20354'),
('B.Tech..2020.R.CSE.4.19CSE311', 'CB.EN.U4CSE20355'),
('B.Tech..2020.R.CSE.4.19CSE311', 'CB.EN.U4CSE20356'),
('B.Tech..2020.R.CSE.4.19CSE311', 'CB.EN.U4CSE20357'),
('B.Tech..2020.R.CSE.4.19CSE311', 'CB.EN.U4CSE20358'),
('B.Tech..2020.R.CSE.4.19CSE311', 'CB.EN.U4CSE20359'),
('B.Tech..2020.R.CSE.4.19CSE311', 'CB.EN.U4CSE20360'),
('B.Tech..2020.R.CSE.4.19CSE311', 'CB.EN.U4CSE20361'),
('B.Tech..2020.R.CSE.4.19CSE311', 'CB.EN.U4CSE20362'),
('B.Tech..2020.R.CSE.4.19CSE311', 'CB.EN.U4CSE20363'),
('B.Tech..2020.R.CSE.4.19CSE311', 'CB.EN.U4CSE20364'),
('B.Tech..2020.R.CSE.4.19CSE311', 'CB.EN.U4CSE20365'),
('B.Tech..2020.R.CSE.4.19CSE311', 'CB.EN.U4CSE20366'),
('B.Tech..2020.R.CSE.4.19CSE311', 'CB.EN.U4CSE20367'),
('B.Tech..2020.R.CSE.4.19CSE311', 'CB.EN.U4CSE20368'),
('B.Tech..2020.R.CSE.4.19CSE311', 'CB.EN.U4CSE20369'),
('B.Tech..2020.R.CSE.4.19CSE311', 'CB.EN.U4CSE20370'),
('B.Tech..2020.R.CSE.4.19CSE311', 'CB.EN.U4CSE20371'),
('B.Tech..2020.R.CSE.4.19CSE312', 'CB.EN.U4CSE20301'),
('B.Tech..2020.R.CSE.4.19CSE312', 'CB.EN.U4CSE20303'),
('B.Tech..2020.R.CSE.4.19CSE312', 'CB.EN.U4CSE20304'),
('B.Tech..2020.R.CSE.4.19CSE312', 'CB.EN.U4CSE20305'),
('B.Tech..2020.R.CSE.4.19CSE312', 'CB.EN.U4CSE20306'),
('B.Tech..2020.R.CSE.4.19CSE312', 'CB.EN.U4CSE20307'),
('B.Tech..2020.R.CSE.4.19CSE312', 'CB.EN.U4CSE20308'),
('B.Tech..2020.R.CSE.4.19CSE312', 'CB.EN.U4CSE20309'),
('B.Tech..2020.R.CSE.4.19CSE312', 'CB.EN.U4CSE20310'),
('B.Tech..2020.R.CSE.4.19CSE312', 'CB.EN.U4CSE20312'),
('B.Tech..2020.R.CSE.4.19CSE312', 'CB.EN.U4CSE20313'),
('B.Tech..2020.R.CSE.4.19CSE312', 'CB.EN.U4CSE20314'),
('B.Tech..2020.R.CSE.4.19CSE312', 'CB.EN.U4CSE20315'),
('B.Tech..2020.R.CSE.4.19CSE312', 'CB.EN.U4CSE20316'),
('B.Tech..2020.R.CSE.4.19CSE312', 'CB.EN.U4CSE20317'),
('B.Tech..2020.R.CSE.4.19CSE312', 'CB.EN.U4CSE20318'),
('B.Tech..2020.R.CSE.4.19CSE312', 'CB.EN.U4CSE20319'),
('B.Tech..2020.R.CSE.4.19CSE312', 'CB.EN.U4CSE20320'),
('B.Tech..2020.R.CSE.4.19CSE312', 'CB.EN.U4CSE20321'),
('B.Tech..2020.R.CSE.4.19CSE312', 'CB.EN.U4CSE20322'),
('B.Tech..2020.R.CSE.4.19CSE312', 'CB.EN.U4CSE20323'),
('B.Tech..2020.R.CSE.4.19CSE312', 'CB.EN.U4CSE20324'),
('B.Tech..2020.R.CSE.4.19CSE312', 'CB.EN.U4CSE20327'),
('B.Tech..2020.R.CSE.4.19CSE312', 'CB.EN.U4CSE20328'),
('B.Tech..2020.R.CSE.4.19CSE312', 'CB.EN.U4CSE20329'),
('B.Tech..2020.R.CSE.4.19CSE312', 'CB.EN.U4CSE20331'),
('B.Tech..2020.R.CSE.4.19CSE312', 'CB.EN.U4CSE20332'),
('B.Tech..2020.R.CSE.4.19CSE312', 'CB.EN.U4CSE20333'),
('B.Tech..2020.R.CSE.4.19CSE312', 'CB.EN.U4CSE20334'),
('B.Tech..2020.R.CSE.4.19CSE312', 'CB.EN.U4CSE20335'),
('B.Tech..2020.R.CSE.4.19CSE312', 'CB.EN.U4CSE20336'),
('B.Tech..2020.R.CSE.4.19CSE312', 'CB.EN.U4CSE20337'),
('B.Tech..2020.R.CSE.4.19CSE312', 'CB.EN.U4CSE20338'),
('B.Tech..2020.R.CSE.4.19CSE312', 'CB.EN.U4CSE20339'),
('B.Tech..2020.R.CSE.4.19CSE312', 'CB.EN.U4CSE20340'),
('B.Tech..2020.R.CSE.4.19CSE312', 'CB.EN.U4CSE20341'),
('B.Tech..2020.R.CSE.4.19CSE312', 'CB.EN.U4CSE20342'),
('B.Tech..2020.R.CSE.4.19CSE312', 'CB.EN.U4CSE20343'),
('B.Tech..2020.R.CSE.4.19CSE312', 'CB.EN.U4CSE20344'),
('B.Tech..2020.R.CSE.4.19CSE312', 'CB.EN.U4CSE20345');
INSERT INTO `coursetostudent` (`course_id`, `roll_no`) VALUES
('B.Tech..2020.R.CSE.4.19CSE312', 'CB.EN.U4CSE20346'),
('B.Tech..2020.R.CSE.4.19CSE312', 'CB.EN.U4CSE20347'),
('B.Tech..2020.R.CSE.4.19CSE312', 'CB.EN.U4CSE20348'),
('B.Tech..2020.R.CSE.4.19CSE312', 'CB.EN.U4CSE20349'),
('B.Tech..2020.R.CSE.4.19CSE312', 'CB.EN.U4CSE20350'),
('B.Tech..2020.R.CSE.4.19CSE312', 'CB.EN.U4CSE20351'),
('B.Tech..2020.R.CSE.4.19CSE312', 'CB.EN.U4CSE20352'),
('B.Tech..2020.R.CSE.4.19CSE312', 'CB.EN.U4CSE20353'),
('B.Tech..2020.R.CSE.4.19CSE312', 'CB.EN.U4CSE20354'),
('B.Tech..2020.R.CSE.4.19CSE312', 'CB.EN.U4CSE20355'),
('B.Tech..2020.R.CSE.4.19CSE312', 'CB.EN.U4CSE20356'),
('B.Tech..2020.R.CSE.4.19CSE312', 'CB.EN.U4CSE20357'),
('B.Tech..2020.R.CSE.4.19CSE312', 'CB.EN.U4CSE20358'),
('B.Tech..2020.R.CSE.4.19CSE312', 'CB.EN.U4CSE20359'),
('B.Tech..2020.R.CSE.4.19CSE312', 'CB.EN.U4CSE20360'),
('B.Tech..2020.R.CSE.4.19CSE312', 'CB.EN.U4CSE20361'),
('B.Tech..2020.R.CSE.4.19CSE312', 'CB.EN.U4CSE20362'),
('B.Tech..2020.R.CSE.4.19CSE312', 'CB.EN.U4CSE20363'),
('B.Tech..2020.R.CSE.4.19CSE312', 'CB.EN.U4CSE20364'),
('B.Tech..2020.R.CSE.4.19CSE312', 'CB.EN.U4CSE20365'),
('B.Tech..2020.R.CSE.4.19CSE312', 'CB.EN.U4CSE20366'),
('B.Tech..2020.R.CSE.4.19CSE312', 'CB.EN.U4CSE20367'),
('B.Tech..2020.R.CSE.4.19CSE312', 'CB.EN.U4CSE20368'),
('B.Tech..2020.R.CSE.4.19CSE312', 'CB.EN.U4CSE20369'),
('B.Tech..2020.R.CSE.4.19CSE312', 'CB.EN.U4CSE20370'),
('B.Tech..2020.R.CSE.4.19CSE312', 'CB.EN.U4CSE20371'),
('B.Tech..2020.R.CSE.4.19CSE313', 'CB.EN.U4CSE20301'),
('B.Tech..2020.R.CSE.4.19CSE313', 'CB.EN.U4CSE20303'),
('B.Tech..2020.R.CSE.4.19CSE313', 'CB.EN.U4CSE20304'),
('B.Tech..2020.R.CSE.4.19CSE313', 'CB.EN.U4CSE20305'),
('B.Tech..2020.R.CSE.4.19CSE313', 'CB.EN.U4CSE20306'),
('B.Tech..2020.R.CSE.4.19CSE313', 'CB.EN.U4CSE20307'),
('B.Tech..2020.R.CSE.4.19CSE313', 'CB.EN.U4CSE20308'),
('B.Tech..2020.R.CSE.4.19CSE313', 'CB.EN.U4CSE20309'),
('B.Tech..2020.R.CSE.4.19CSE313', 'CB.EN.U4CSE20310'),
('B.Tech..2020.R.CSE.4.19CSE313', 'CB.EN.U4CSE20312'),
('B.Tech..2020.R.CSE.4.19CSE313', 'CB.EN.U4CSE20313'),
('B.Tech..2020.R.CSE.4.19CSE313', 'CB.EN.U4CSE20314'),
('B.Tech..2020.R.CSE.4.19CSE313', 'CB.EN.U4CSE20315'),
('B.Tech..2020.R.CSE.4.19CSE313', 'CB.EN.U4CSE20316'),
('B.Tech..2020.R.CSE.4.19CSE313', 'CB.EN.U4CSE20317'),
('B.Tech..2020.R.CSE.4.19CSE313', 'CB.EN.U4CSE20318'),
('B.Tech..2020.R.CSE.4.19CSE313', 'CB.EN.U4CSE20319'),
('B.Tech..2020.R.CSE.4.19CSE313', 'CB.EN.U4CSE20320'),
('B.Tech..2020.R.CSE.4.19CSE313', 'CB.EN.U4CSE20321'),
('B.Tech..2020.R.CSE.4.19CSE313', 'CB.EN.U4CSE20322'),
('B.Tech..2020.R.CSE.4.19CSE313', 'CB.EN.U4CSE20323'),
('B.Tech..2020.R.CSE.4.19CSE313', 'CB.EN.U4CSE20324'),
('B.Tech..2020.R.CSE.4.19CSE313', 'CB.EN.U4CSE20327'),
('B.Tech..2020.R.CSE.4.19CSE313', 'CB.EN.U4CSE20328'),
('B.Tech..2020.R.CSE.4.19CSE313', 'CB.EN.U4CSE20329'),
('B.Tech..2020.R.CSE.4.19CSE313', 'CB.EN.U4CSE20331'),
('B.Tech..2020.R.CSE.4.19CSE313', 'CB.EN.U4CSE20332'),
('B.Tech..2020.R.CSE.4.19CSE313', 'CB.EN.U4CSE20333'),
('B.Tech..2020.R.CSE.4.19CSE313', 'CB.EN.U4CSE20334'),
('B.Tech..2020.R.CSE.4.19CSE313', 'CB.EN.U4CSE20335'),
('B.Tech..2020.R.CSE.4.19CSE313', 'CB.EN.U4CSE20336'),
('B.Tech..2020.R.CSE.4.19CSE313', 'CB.EN.U4CSE20337'),
('B.Tech..2020.R.CSE.4.19CSE313', 'CB.EN.U4CSE20338'),
('B.Tech..2020.R.CSE.4.19CSE313', 'CB.EN.U4CSE20339'),
('B.Tech..2020.R.CSE.4.19CSE313', 'CB.EN.U4CSE20340'),
('B.Tech..2020.R.CSE.4.19CSE313', 'CB.EN.U4CSE20341'),
('B.Tech..2020.R.CSE.4.19CSE313', 'CB.EN.U4CSE20342'),
('B.Tech..2020.R.CSE.4.19CSE313', 'CB.EN.U4CSE20343'),
('B.Tech..2020.R.CSE.4.19CSE313', 'CB.EN.U4CSE20344'),
('B.Tech..2020.R.CSE.4.19CSE313', 'CB.EN.U4CSE20345'),
('B.Tech..2020.R.CSE.4.19CSE313', 'CB.EN.U4CSE20346'),
('B.Tech..2020.R.CSE.4.19CSE313', 'CB.EN.U4CSE20347'),
('B.Tech..2020.R.CSE.4.19CSE313', 'CB.EN.U4CSE20348'),
('B.Tech..2020.R.CSE.4.19CSE313', 'CB.EN.U4CSE20349'),
('B.Tech..2020.R.CSE.4.19CSE313', 'CB.EN.U4CSE20350'),
('B.Tech..2020.R.CSE.4.19CSE313', 'CB.EN.U4CSE20351'),
('B.Tech..2020.R.CSE.4.19CSE313', 'CB.EN.U4CSE20352'),
('B.Tech..2020.R.CSE.4.19CSE313', 'CB.EN.U4CSE20353'),
('B.Tech..2020.R.CSE.4.19CSE313', 'CB.EN.U4CSE20354'),
('B.Tech..2020.R.CSE.4.19CSE313', 'CB.EN.U4CSE20355'),
('B.Tech..2020.R.CSE.4.19CSE313', 'CB.EN.U4CSE20356'),
('B.Tech..2020.R.CSE.4.19CSE313', 'CB.EN.U4CSE20357'),
('B.Tech..2020.R.CSE.4.19CSE313', 'CB.EN.U4CSE20358'),
('B.Tech..2020.R.CSE.4.19CSE313', 'CB.EN.U4CSE20359'),
('B.Tech..2020.R.CSE.4.19CSE313', 'CB.EN.U4CSE20360'),
('B.Tech..2020.R.CSE.4.19CSE313', 'CB.EN.U4CSE20361'),
('B.Tech..2020.R.CSE.4.19CSE313', 'CB.EN.U4CSE20362'),
('B.Tech..2020.R.CSE.4.19CSE313', 'CB.EN.U4CSE20363'),
('B.Tech..2020.R.CSE.4.19CSE313', 'CB.EN.U4CSE20364'),
('B.Tech..2020.R.CSE.4.19CSE313', 'CB.EN.U4CSE20365'),
('B.Tech..2020.R.CSE.4.19CSE313', 'CB.EN.U4CSE20366'),
('B.Tech..2020.R.CSE.4.19CSE313', 'CB.EN.U4CSE20367'),
('B.Tech..2020.R.CSE.4.19CSE313', 'CB.EN.U4CSE20368'),
('B.Tech..2020.R.CSE.4.19CSE313', 'CB.EN.U4CSE20369'),
('B.Tech..2020.R.CSE.4.19CSE313', 'CB.EN.U4CSE20370'),
('B.Tech..2020.R.CSE.4.19CSE313', 'CB.EN.U4CSE20371'),
('B.Tech..2020.R.CSE.4.19CSE314', 'CB.EN.U4CSE20301'),
('B.Tech..2020.R.CSE.4.19CSE314', 'CB.EN.U4CSE20303'),
('B.Tech..2020.R.CSE.4.19CSE314', 'CB.EN.U4CSE20304'),
('B.Tech..2020.R.CSE.4.19CSE314', 'CB.EN.U4CSE20305'),
('B.Tech..2020.R.CSE.4.19CSE314', 'CB.EN.U4CSE20306'),
('B.Tech..2020.R.CSE.4.19CSE314', 'CB.EN.U4CSE20307'),
('B.Tech..2020.R.CSE.4.19CSE314', 'CB.EN.U4CSE20308'),
('B.Tech..2020.R.CSE.4.19CSE314', 'CB.EN.U4CSE20309'),
('B.Tech..2020.R.CSE.4.19CSE314', 'CB.EN.U4CSE20310'),
('B.Tech..2020.R.CSE.4.19CSE314', 'CB.EN.U4CSE20312'),
('B.Tech..2020.R.CSE.4.19CSE314', 'CB.EN.U4CSE20313'),
('B.Tech..2020.R.CSE.4.19CSE314', 'CB.EN.U4CSE20314'),
('B.Tech..2020.R.CSE.4.19CSE314', 'CB.EN.U4CSE20315'),
('B.Tech..2020.R.CSE.4.19CSE314', 'CB.EN.U4CSE20316'),
('B.Tech..2020.R.CSE.4.19CSE314', 'CB.EN.U4CSE20317'),
('B.Tech..2020.R.CSE.4.19CSE314', 'CB.EN.U4CSE20318'),
('B.Tech..2020.R.CSE.4.19CSE314', 'CB.EN.U4CSE20319'),
('B.Tech..2020.R.CSE.4.19CSE314', 'CB.EN.U4CSE20320'),
('B.Tech..2020.R.CSE.4.19CSE314', 'CB.EN.U4CSE20321'),
('B.Tech..2020.R.CSE.4.19CSE314', 'CB.EN.U4CSE20322'),
('B.Tech..2020.R.CSE.4.19CSE314', 'CB.EN.U4CSE20323'),
('B.Tech..2020.R.CSE.4.19CSE314', 'CB.EN.U4CSE20324'),
('B.Tech..2020.R.CSE.4.19CSE314', 'CB.EN.U4CSE20327'),
('B.Tech..2020.R.CSE.4.19CSE314', 'CB.EN.U4CSE20328'),
('B.Tech..2020.R.CSE.4.19CSE314', 'CB.EN.U4CSE20329'),
('B.Tech..2020.R.CSE.4.19CSE314', 'CB.EN.U4CSE20331'),
('B.Tech..2020.R.CSE.4.19CSE314', 'CB.EN.U4CSE20332'),
('B.Tech..2020.R.CSE.4.19CSE314', 'CB.EN.U4CSE20333'),
('B.Tech..2020.R.CSE.4.19CSE314', 'CB.EN.U4CSE20334'),
('B.Tech..2020.R.CSE.4.19CSE314', 'CB.EN.U4CSE20335'),
('B.Tech..2020.R.CSE.4.19CSE314', 'CB.EN.U4CSE20336'),
('B.Tech..2020.R.CSE.4.19CSE314', 'CB.EN.U4CSE20337'),
('B.Tech..2020.R.CSE.4.19CSE314', 'CB.EN.U4CSE20338'),
('B.Tech..2020.R.CSE.4.19CSE314', 'CB.EN.U4CSE20339'),
('B.Tech..2020.R.CSE.4.19CSE314', 'CB.EN.U4CSE20340'),
('B.Tech..2020.R.CSE.4.19CSE314', 'CB.EN.U4CSE20341'),
('B.Tech..2020.R.CSE.4.19CSE314', 'CB.EN.U4CSE20342'),
('B.Tech..2020.R.CSE.4.19CSE314', 'CB.EN.U4CSE20343'),
('B.Tech..2020.R.CSE.4.19CSE314', 'CB.EN.U4CSE20344'),
('B.Tech..2020.R.CSE.4.19CSE314', 'CB.EN.U4CSE20345'),
('B.Tech..2020.R.CSE.4.19CSE314', 'CB.EN.U4CSE20346'),
('B.Tech..2020.R.CSE.4.19CSE314', 'CB.EN.U4CSE20347'),
('B.Tech..2020.R.CSE.4.19CSE314', 'CB.EN.U4CSE20348'),
('B.Tech..2020.R.CSE.4.19CSE314', 'CB.EN.U4CSE20349'),
('B.Tech..2020.R.CSE.4.19CSE314', 'CB.EN.U4CSE20350'),
('B.Tech..2020.R.CSE.4.19CSE314', 'CB.EN.U4CSE20351'),
('B.Tech..2020.R.CSE.4.19CSE314', 'CB.EN.U4CSE20352'),
('B.Tech..2020.R.CSE.4.19CSE314', 'CB.EN.U4CSE20353'),
('B.Tech..2020.R.CSE.4.19CSE314', 'CB.EN.U4CSE20354'),
('B.Tech..2020.R.CSE.4.19CSE314', 'CB.EN.U4CSE20355'),
('B.Tech..2020.R.CSE.4.19CSE314', 'CB.EN.U4CSE20356'),
('B.Tech..2020.R.CSE.4.19CSE314', 'CB.EN.U4CSE20357'),
('B.Tech..2020.R.CSE.4.19CSE314', 'CB.EN.U4CSE20358'),
('B.Tech..2020.R.CSE.4.19CSE314', 'CB.EN.U4CSE20359'),
('B.Tech..2020.R.CSE.4.19CSE314', 'CB.EN.U4CSE20360'),
('B.Tech..2020.R.CSE.4.19CSE314', 'CB.EN.U4CSE20361'),
('B.Tech..2020.R.CSE.4.19CSE314', 'CB.EN.U4CSE20362'),
('B.Tech..2020.R.CSE.4.19CSE314', 'CB.EN.U4CSE20363'),
('B.Tech..2020.R.CSE.4.19CSE314', 'CB.EN.U4CSE20364'),
('B.Tech..2020.R.CSE.4.19CSE314', 'CB.EN.U4CSE20365'),
('B.Tech..2020.R.CSE.4.19CSE314', 'CB.EN.U4CSE20366'),
('B.Tech..2020.R.CSE.4.19CSE314', 'CB.EN.U4CSE20367'),
('B.Tech..2020.R.CSE.4.19CSE314', 'CB.EN.U4CSE20368'),
('B.Tech..2020.R.CSE.4.19CSE314', 'CB.EN.U4CSE20369'),
('B.Tech..2020.R.CSE.4.19CSE314', 'CB.EN.U4CSE20370'),
('B.Tech..2020.R.CSE.4.19CSE314', 'CB.EN.U4CSE20371'),
('B.Tech..2020.R.CSE.5.19CSE311', 'CB.EN.U4CSE20401'),
('B.Tech..2020.R.CSE.5.19CSE311', 'CB.EN.U4CSE20402'),
('B.Tech..2020.R.CSE.5.19CSE311', 'CB.EN.U4CSE20403'),
('B.Tech..2020.R.CSE.5.19CSE311', 'CB.EN.U4CSE20404'),
('B.Tech..2020.R.CSE.5.19CSE311', 'CB.EN.U4CSE20405'),
('B.Tech..2020.R.CSE.5.19CSE311', 'CB.EN.U4CSE20406'),
('B.Tech..2020.R.CSE.5.19CSE311', 'CB.EN.U4CSE20407'),
('B.Tech..2020.R.CSE.5.19CSE311', 'CB.EN.U4CSE20408'),
('B.Tech..2020.R.CSE.5.19CSE311', 'CB.EN.U4CSE20410'),
('B.Tech..2020.R.CSE.5.19CSE311', 'CB.EN.U4CSE20411'),
('B.Tech..2020.R.CSE.5.19CSE311', 'CB.EN.U4CSE20412'),
('B.Tech..2020.R.CSE.5.19CSE311', 'CB.EN.U4CSE20413'),
('B.Tech..2020.R.CSE.5.19CSE311', 'CB.EN.U4CSE20414'),
('B.Tech..2020.R.CSE.5.19CSE311', 'CB.EN.U4CSE20415'),
('B.Tech..2020.R.CSE.5.19CSE311', 'CB.EN.U4CSE20416'),
('B.Tech..2020.R.CSE.5.19CSE311', 'CB.EN.U4CSE20417'),
('B.Tech..2020.R.CSE.5.19CSE311', 'CB.EN.U4CSE20418'),
('B.Tech..2020.R.CSE.5.19CSE311', 'CB.EN.U4CSE20419'),
('B.Tech..2020.R.CSE.5.19CSE311', 'CB.EN.U4CSE20420'),
('B.Tech..2020.R.CSE.5.19CSE311', 'CB.EN.U4CSE20421'),
('B.Tech..2020.R.CSE.5.19CSE311', 'CB.EN.U4CSE20422'),
('B.Tech..2020.R.CSE.5.19CSE311', 'CB.EN.U4CSE20423'),
('B.Tech..2020.R.CSE.5.19CSE311', 'CB.EN.U4CSE20424'),
('B.Tech..2020.R.CSE.5.19CSE311', 'CB.EN.U4CSE20425'),
('B.Tech..2020.R.CSE.5.19CSE311', 'CB.EN.U4CSE20426'),
('B.Tech..2020.R.CSE.5.19CSE311', 'CB.EN.U4CSE20427'),
('B.Tech..2020.R.CSE.5.19CSE311', 'CB.EN.U4CSE20428'),
('B.Tech..2020.R.CSE.5.19CSE311', 'CB.EN.U4CSE20429'),
('B.Tech..2020.R.CSE.5.19CSE311', 'CB.EN.U4CSE20430'),
('B.Tech..2020.R.CSE.5.19CSE311', 'CB.EN.U4CSE20431'),
('B.Tech..2020.R.CSE.5.19CSE311', 'CB.EN.U4CSE20432'),
('B.Tech..2020.R.CSE.5.19CSE311', 'CB.EN.U4CSE20433'),
('B.Tech..2020.R.CSE.5.19CSE311', 'CB.EN.U4CSE20434'),
('B.Tech..2020.R.CSE.5.19CSE311', 'CB.EN.U4CSE20435'),
('B.Tech..2020.R.CSE.5.19CSE311', 'CB.EN.U4CSE20436'),
('B.Tech..2020.R.CSE.5.19CSE311', 'CB.EN.U4CSE20437'),
('B.Tech..2020.R.CSE.5.19CSE311', 'CB.EN.U4CSE20438'),
('B.Tech..2020.R.CSE.5.19CSE311', 'CB.EN.U4CSE20439'),
('B.Tech..2020.R.CSE.5.19CSE311', 'CB.EN.U4CSE20440'),
('B.Tech..2020.R.CSE.5.19CSE311', 'CB.EN.U4CSE20441'),
('B.Tech..2020.R.CSE.5.19CSE311', 'CB.EN.U4CSE20442'),
('B.Tech..2020.R.CSE.5.19CSE311', 'CB.EN.U4CSE20443'),
('B.Tech..2020.R.CSE.5.19CSE311', 'CB.EN.U4CSE20444'),
('B.Tech..2020.R.CSE.5.19CSE311', 'CB.EN.U4CSE20445'),
('B.Tech..2020.R.CSE.5.19CSE311', 'CB.EN.U4CSE20446'),
('B.Tech..2020.R.CSE.5.19CSE311', 'CB.EN.U4CSE20447'),
('B.Tech..2020.R.CSE.5.19CSE311', 'CB.EN.U4CSE20448'),
('B.Tech..2020.R.CSE.5.19CSE311', 'CB.EN.U4CSE20449'),
('B.Tech..2020.R.CSE.5.19CSE311', 'CB.EN.U4CSE20450'),
('B.Tech..2020.R.CSE.5.19CSE311', 'CB.EN.U4CSE20451'),
('B.Tech..2020.R.CSE.5.19CSE311', 'CB.EN.U4CSE20452'),
('B.Tech..2020.R.CSE.5.19CSE311', 'CB.EN.U4CSE20453'),
('B.Tech..2020.R.CSE.5.19CSE311', 'CB.EN.U4CSE20454'),
('B.Tech..2020.R.CSE.5.19CSE311', 'CB.EN.U4CSE20455'),
('B.Tech..2020.R.CSE.5.19CSE311', 'CB.EN.U4CSE20456'),
('B.Tech..2020.R.CSE.5.19CSE311', 'CB.EN.U4CSE20457'),
('B.Tech..2020.R.CSE.5.19CSE311', 'CB.EN.U4CSE20458'),
('B.Tech..2020.R.CSE.5.19CSE311', 'CB.EN.U4CSE20459'),
('B.Tech..2020.R.CSE.5.19CSE311', 'CB.EN.U4CSE20460'),
('B.Tech..2020.R.CSE.5.19CSE311', 'CB.EN.U4CSE20461'),
('B.Tech..2020.R.CSE.5.19CSE311', 'CB.EN.U4CSE20462'),
('B.Tech..2020.R.CSE.5.19CSE311', 'CB.EN.U4CSE20463'),
('B.Tech..2020.R.CSE.5.19CSE311', 'CB.EN.U4CSE20464'),
('B.Tech..2020.R.CSE.5.19CSE311', 'CB.EN.U4CSE20465'),
('B.Tech..2020.R.CSE.5.19CSE311', 'CB.EN.U4CSE20466'),
('B.Tech..2020.R.CSE.5.19CSE311', 'CB.EN.U4CSE20467'),
('B.Tech..2020.R.CSE.5.19CSE311', 'CB.EN.U4CSE20468'),
('B.Tech..2020.R.CSE.5.19CSE311', 'CB.EN.U4CSE20469'),
('B.Tech..2020.R.CSE.5.19CSE311', 'CB.EN.U4CSE20470'),
('B.Tech..2020.R.CSE.5.19CSE311', 'CB.EN.U4CSE20471'),
('B.Tech..2020.R.CSE.5.19CSE312', 'CB.EN.U4CSE20401'),
('B.Tech..2020.R.CSE.5.19CSE312', 'CB.EN.U4CSE20402'),
('B.Tech..2020.R.CSE.5.19CSE312', 'CB.EN.U4CSE20403'),
('B.Tech..2020.R.CSE.5.19CSE312', 'CB.EN.U4CSE20404'),
('B.Tech..2020.R.CSE.5.19CSE312', 'CB.EN.U4CSE20405'),
('B.Tech..2020.R.CSE.5.19CSE312', 'CB.EN.U4CSE20406'),
('B.Tech..2020.R.CSE.5.19CSE312', 'CB.EN.U4CSE20407'),
('B.Tech..2020.R.CSE.5.19CSE312', 'CB.EN.U4CSE20408'),
('B.Tech..2020.R.CSE.5.19CSE312', 'CB.EN.U4CSE20410'),
('B.Tech..2020.R.CSE.5.19CSE312', 'CB.EN.U4CSE20411'),
('B.Tech..2020.R.CSE.5.19CSE312', 'CB.EN.U4CSE20412'),
('B.Tech..2020.R.CSE.5.19CSE312', 'CB.EN.U4CSE20413'),
('B.Tech..2020.R.CSE.5.19CSE312', 'CB.EN.U4CSE20414'),
('B.Tech..2020.R.CSE.5.19CSE312', 'CB.EN.U4CSE20415'),
('B.Tech..2020.R.CSE.5.19CSE312', 'CB.EN.U4CSE20416'),
('B.Tech..2020.R.CSE.5.19CSE312', 'CB.EN.U4CSE20417'),
('B.Tech..2020.R.CSE.5.19CSE312', 'CB.EN.U4CSE20418'),
('B.Tech..2020.R.CSE.5.19CSE312', 'CB.EN.U4CSE20419'),
('B.Tech..2020.R.CSE.5.19CSE312', 'CB.EN.U4CSE20420'),
('B.Tech..2020.R.CSE.5.19CSE312', 'CB.EN.U4CSE20421'),
('B.Tech..2020.R.CSE.5.19CSE312', 'CB.EN.U4CSE20422'),
('B.Tech..2020.R.CSE.5.19CSE312', 'CB.EN.U4CSE20423'),
('B.Tech..2020.R.CSE.5.19CSE312', 'CB.EN.U4CSE20424'),
('B.Tech..2020.R.CSE.5.19CSE312', 'CB.EN.U4CSE20425'),
('B.Tech..2020.R.CSE.5.19CSE312', 'CB.EN.U4CSE20426'),
('B.Tech..2020.R.CSE.5.19CSE312', 'CB.EN.U4CSE20427'),
('B.Tech..2020.R.CSE.5.19CSE312', 'CB.EN.U4CSE20428'),
('B.Tech..2020.R.CSE.5.19CSE312', 'CB.EN.U4CSE20429'),
('B.Tech..2020.R.CSE.5.19CSE312', 'CB.EN.U4CSE20430'),
('B.Tech..2020.R.CSE.5.19CSE312', 'CB.EN.U4CSE20431'),
('B.Tech..2020.R.CSE.5.19CSE312', 'CB.EN.U4CSE20432'),
('B.Tech..2020.R.CSE.5.19CSE312', 'CB.EN.U4CSE20433'),
('B.Tech..2020.R.CSE.5.19CSE312', 'CB.EN.U4CSE20434'),
('B.Tech..2020.R.CSE.5.19CSE312', 'CB.EN.U4CSE20435'),
('B.Tech..2020.R.CSE.5.19CSE312', 'CB.EN.U4CSE20436'),
('B.Tech..2020.R.CSE.5.19CSE312', 'CB.EN.U4CSE20437'),
('B.Tech..2020.R.CSE.5.19CSE312', 'CB.EN.U4CSE20438'),
('B.Tech..2020.R.CSE.5.19CSE312', 'CB.EN.U4CSE20439'),
('B.Tech..2020.R.CSE.5.19CSE312', 'CB.EN.U4CSE20440'),
('B.Tech..2020.R.CSE.5.19CSE312', 'CB.EN.U4CSE20441'),
('B.Tech..2020.R.CSE.5.19CSE312', 'CB.EN.U4CSE20442'),
('B.Tech..2020.R.CSE.5.19CSE312', 'CB.EN.U4CSE20443'),
('B.Tech..2020.R.CSE.5.19CSE312', 'CB.EN.U4CSE20444'),
('B.Tech..2020.R.CSE.5.19CSE312', 'CB.EN.U4CSE20445'),
('B.Tech..2020.R.CSE.5.19CSE312', 'CB.EN.U4CSE20446'),
('B.Tech..2020.R.CSE.5.19CSE312', 'CB.EN.U4CSE20447'),
('B.Tech..2020.R.CSE.5.19CSE312', 'CB.EN.U4CSE20448'),
('B.Tech..2020.R.CSE.5.19CSE312', 'CB.EN.U4CSE20449'),
('B.Tech..2020.R.CSE.5.19CSE312', 'CB.EN.U4CSE20450'),
('B.Tech..2020.R.CSE.5.19CSE312', 'CB.EN.U4CSE20451'),
('B.Tech..2020.R.CSE.5.19CSE312', 'CB.EN.U4CSE20452'),
('B.Tech..2020.R.CSE.5.19CSE312', 'CB.EN.U4CSE20453'),
('B.Tech..2020.R.CSE.5.19CSE312', 'CB.EN.U4CSE20454'),
('B.Tech..2020.R.CSE.5.19CSE312', 'CB.EN.U4CSE20455'),
('B.Tech..2020.R.CSE.5.19CSE312', 'CB.EN.U4CSE20456'),
('B.Tech..2020.R.CSE.5.19CSE312', 'CB.EN.U4CSE20457'),
('B.Tech..2020.R.CSE.5.19CSE312', 'CB.EN.U4CSE20458'),
('B.Tech..2020.R.CSE.5.19CSE312', 'CB.EN.U4CSE20459'),
('B.Tech..2020.R.CSE.5.19CSE312', 'CB.EN.U4CSE20460'),
('B.Tech..2020.R.CSE.5.19CSE312', 'CB.EN.U4CSE20461'),
('B.Tech..2020.R.CSE.5.19CSE312', 'CB.EN.U4CSE20462'),
('B.Tech..2020.R.CSE.5.19CSE312', 'CB.EN.U4CSE20463'),
('B.Tech..2020.R.CSE.5.19CSE312', 'CB.EN.U4CSE20464'),
('B.Tech..2020.R.CSE.5.19CSE312', 'CB.EN.U4CSE20465'),
('B.Tech..2020.R.CSE.5.19CSE312', 'CB.EN.U4CSE20466'),
('B.Tech..2020.R.CSE.5.19CSE312', 'CB.EN.U4CSE20467'),
('B.Tech..2020.R.CSE.5.19CSE312', 'CB.EN.U4CSE20468'),
('B.Tech..2020.R.CSE.5.19CSE312', 'CB.EN.U4CSE20469'),
('B.Tech..2020.R.CSE.5.19CSE312', 'CB.EN.U4CSE20470'),
('B.Tech..2020.R.CSE.5.19CSE312', 'CB.EN.U4CSE20471'),
('B.Tech..2020.R.CSE.5.19CSE313', 'CB.EN.U4CSE20401'),
('B.Tech..2020.R.CSE.5.19CSE313', 'CB.EN.U4CSE20402'),
('B.Tech..2020.R.CSE.5.19CSE313', 'CB.EN.U4CSE20403'),
('B.Tech..2020.R.CSE.5.19CSE313', 'CB.EN.U4CSE20404'),
('B.Tech..2020.R.CSE.5.19CSE313', 'CB.EN.U4CSE20405'),
('B.Tech..2020.R.CSE.5.19CSE313', 'CB.EN.U4CSE20406'),
('B.Tech..2020.R.CSE.5.19CSE313', 'CB.EN.U4CSE20407'),
('B.Tech..2020.R.CSE.5.19CSE313', 'CB.EN.U4CSE20408'),
('B.Tech..2020.R.CSE.5.19CSE313', 'CB.EN.U4CSE20410'),
('B.Tech..2020.R.CSE.5.19CSE313', 'CB.EN.U4CSE20411'),
('B.Tech..2020.R.CSE.5.19CSE313', 'CB.EN.U4CSE20412'),
('B.Tech..2020.R.CSE.5.19CSE313', 'CB.EN.U4CSE20413'),
('B.Tech..2020.R.CSE.5.19CSE313', 'CB.EN.U4CSE20414'),
('B.Tech..2020.R.CSE.5.19CSE313', 'CB.EN.U4CSE20415'),
('B.Tech..2020.R.CSE.5.19CSE313', 'CB.EN.U4CSE20416'),
('B.Tech..2020.R.CSE.5.19CSE313', 'CB.EN.U4CSE20417'),
('B.Tech..2020.R.CSE.5.19CSE313', 'CB.EN.U4CSE20418'),
('B.Tech..2020.R.CSE.5.19CSE313', 'CB.EN.U4CSE20419'),
('B.Tech..2020.R.CSE.5.19CSE313', 'CB.EN.U4CSE20420'),
('B.Tech..2020.R.CSE.5.19CSE313', 'CB.EN.U4CSE20421'),
('B.Tech..2020.R.CSE.5.19CSE313', 'CB.EN.U4CSE20422'),
('B.Tech..2020.R.CSE.5.19CSE313', 'CB.EN.U4CSE20423'),
('B.Tech..2020.R.CSE.5.19CSE313', 'CB.EN.U4CSE20424'),
('B.Tech..2020.R.CSE.5.19CSE313', 'CB.EN.U4CSE20425'),
('B.Tech..2020.R.CSE.5.19CSE313', 'CB.EN.U4CSE20426'),
('B.Tech..2020.R.CSE.5.19CSE313', 'CB.EN.U4CSE20427'),
('B.Tech..2020.R.CSE.5.19CSE313', 'CB.EN.U4CSE20428'),
('B.Tech..2020.R.CSE.5.19CSE313', 'CB.EN.U4CSE20429'),
('B.Tech..2020.R.CSE.5.19CSE313', 'CB.EN.U4CSE20430'),
('B.Tech..2020.R.CSE.5.19CSE313', 'CB.EN.U4CSE20431'),
('B.Tech..2020.R.CSE.5.19CSE313', 'CB.EN.U4CSE20432'),
('B.Tech..2020.R.CSE.5.19CSE313', 'CB.EN.U4CSE20433'),
('B.Tech..2020.R.CSE.5.19CSE313', 'CB.EN.U4CSE20434'),
('B.Tech..2020.R.CSE.5.19CSE313', 'CB.EN.U4CSE20435'),
('B.Tech..2020.R.CSE.5.19CSE313', 'CB.EN.U4CSE20436'),
('B.Tech..2020.R.CSE.5.19CSE313', 'CB.EN.U4CSE20437'),
('B.Tech..2020.R.CSE.5.19CSE313', 'CB.EN.U4CSE20438'),
('B.Tech..2020.R.CSE.5.19CSE313', 'CB.EN.U4CSE20439'),
('B.Tech..2020.R.CSE.5.19CSE313', 'CB.EN.U4CSE20440'),
('B.Tech..2020.R.CSE.5.19CSE313', 'CB.EN.U4CSE20441'),
('B.Tech..2020.R.CSE.5.19CSE313', 'CB.EN.U4CSE20442'),
('B.Tech..2020.R.CSE.5.19CSE313', 'CB.EN.U4CSE20443'),
('B.Tech..2020.R.CSE.5.19CSE313', 'CB.EN.U4CSE20444'),
('B.Tech..2020.R.CSE.5.19CSE313', 'CB.EN.U4CSE20445'),
('B.Tech..2020.R.CSE.5.19CSE313', 'CB.EN.U4CSE20446'),
('B.Tech..2020.R.CSE.5.19CSE313', 'CB.EN.U4CSE20447'),
('B.Tech..2020.R.CSE.5.19CSE313', 'CB.EN.U4CSE20448'),
('B.Tech..2020.R.CSE.5.19CSE313', 'CB.EN.U4CSE20449'),
('B.Tech..2020.R.CSE.5.19CSE313', 'CB.EN.U4CSE20450'),
('B.Tech..2020.R.CSE.5.19CSE313', 'CB.EN.U4CSE20451'),
('B.Tech..2020.R.CSE.5.19CSE313', 'CB.EN.U4CSE20452'),
('B.Tech..2020.R.CSE.5.19CSE313', 'CB.EN.U4CSE20453'),
('B.Tech..2020.R.CSE.5.19CSE313', 'CB.EN.U4CSE20454'),
('B.Tech..2020.R.CSE.5.19CSE313', 'CB.EN.U4CSE20455'),
('B.Tech..2020.R.CSE.5.19CSE313', 'CB.EN.U4CSE20456'),
('B.Tech..2020.R.CSE.5.19CSE313', 'CB.EN.U4CSE20457'),
('B.Tech..2020.R.CSE.5.19CSE313', 'CB.EN.U4CSE20458'),
('B.Tech..2020.R.CSE.5.19CSE313', 'CB.EN.U4CSE20459'),
('B.Tech..2020.R.CSE.5.19CSE313', 'CB.EN.U4CSE20460'),
('B.Tech..2020.R.CSE.5.19CSE313', 'CB.EN.U4CSE20461'),
('B.Tech..2020.R.CSE.5.19CSE313', 'CB.EN.U4CSE20462'),
('B.Tech..2020.R.CSE.5.19CSE313', 'CB.EN.U4CSE20463'),
('B.Tech..2020.R.CSE.5.19CSE313', 'CB.EN.U4CSE20464'),
('B.Tech..2020.R.CSE.5.19CSE313', 'CB.EN.U4CSE20465'),
('B.Tech..2020.R.CSE.5.19CSE313', 'CB.EN.U4CSE20466'),
('B.Tech..2020.R.CSE.5.19CSE313', 'CB.EN.U4CSE20467'),
('B.Tech..2020.R.CSE.5.19CSE313', 'CB.EN.U4CSE20468'),
('B.Tech..2020.R.CSE.5.19CSE313', 'CB.EN.U4CSE20469'),
('B.Tech..2020.R.CSE.5.19CSE313', 'CB.EN.U4CSE20470'),
('B.Tech..2020.R.CSE.5.19CSE313', 'CB.EN.U4CSE20471'),
('B.Tech..2020.R.CSE.5.19CSE314', 'CB.EN.U4CSE20401'),
('B.Tech..2020.R.CSE.5.19CSE314', 'CB.EN.U4CSE20402'),
('B.Tech..2020.R.CSE.5.19CSE314', 'CB.EN.U4CSE20403'),
('B.Tech..2020.R.CSE.5.19CSE314', 'CB.EN.U4CSE20404'),
('B.Tech..2020.R.CSE.5.19CSE314', 'CB.EN.U4CSE20405'),
('B.Tech..2020.R.CSE.5.19CSE314', 'CB.EN.U4CSE20406'),
('B.Tech..2020.R.CSE.5.19CSE314', 'CB.EN.U4CSE20407'),
('B.Tech..2020.R.CSE.5.19CSE314', 'CB.EN.U4CSE20408'),
('B.Tech..2020.R.CSE.5.19CSE314', 'CB.EN.U4CSE20410'),
('B.Tech..2020.R.CSE.5.19CSE314', 'CB.EN.U4CSE20411'),
('B.Tech..2020.R.CSE.5.19CSE314', 'CB.EN.U4CSE20412'),
('B.Tech..2020.R.CSE.5.19CSE314', 'CB.EN.U4CSE20413'),
('B.Tech..2020.R.CSE.5.19CSE314', 'CB.EN.U4CSE20414'),
('B.Tech..2020.R.CSE.5.19CSE314', 'CB.EN.U4CSE20415'),
('B.Tech..2020.R.CSE.5.19CSE314', 'CB.EN.U4CSE20416'),
('B.Tech..2020.R.CSE.5.19CSE314', 'CB.EN.U4CSE20417'),
('B.Tech..2020.R.CSE.5.19CSE314', 'CB.EN.U4CSE20418'),
('B.Tech..2020.R.CSE.5.19CSE314', 'CB.EN.U4CSE20419'),
('B.Tech..2020.R.CSE.5.19CSE314', 'CB.EN.U4CSE20420'),
('B.Tech..2020.R.CSE.5.19CSE314', 'CB.EN.U4CSE20421'),
('B.Tech..2020.R.CSE.5.19CSE314', 'CB.EN.U4CSE20422'),
('B.Tech..2020.R.CSE.5.19CSE314', 'CB.EN.U4CSE20423'),
('B.Tech..2020.R.CSE.5.19CSE314', 'CB.EN.U4CSE20424'),
('B.Tech..2020.R.CSE.5.19CSE314', 'CB.EN.U4CSE20425'),
('B.Tech..2020.R.CSE.5.19CSE314', 'CB.EN.U4CSE20426'),
('B.Tech..2020.R.CSE.5.19CSE314', 'CB.EN.U4CSE20427'),
('B.Tech..2020.R.CSE.5.19CSE314', 'CB.EN.U4CSE20428'),
('B.Tech..2020.R.CSE.5.19CSE314', 'CB.EN.U4CSE20429'),
('B.Tech..2020.R.CSE.5.19CSE314', 'CB.EN.U4CSE20430'),
('B.Tech..2020.R.CSE.5.19CSE314', 'CB.EN.U4CSE20431'),
('B.Tech..2020.R.CSE.5.19CSE314', 'CB.EN.U4CSE20432'),
('B.Tech..2020.R.CSE.5.19CSE314', 'CB.EN.U4CSE20433'),
('B.Tech..2020.R.CSE.5.19CSE314', 'CB.EN.U4CSE20434'),
('B.Tech..2020.R.CSE.5.19CSE314', 'CB.EN.U4CSE20435'),
('B.Tech..2020.R.CSE.5.19CSE314', 'CB.EN.U4CSE20436'),
('B.Tech..2020.R.CSE.5.19CSE314', 'CB.EN.U4CSE20437'),
('B.Tech..2020.R.CSE.5.19CSE314', 'CB.EN.U4CSE20438'),
('B.Tech..2020.R.CSE.5.19CSE314', 'CB.EN.U4CSE20439'),
('B.Tech..2020.R.CSE.5.19CSE314', 'CB.EN.U4CSE20440'),
('B.Tech..2020.R.CSE.5.19CSE314', 'CB.EN.U4CSE20441'),
('B.Tech..2020.R.CSE.5.19CSE314', 'CB.EN.U4CSE20442'),
('B.Tech..2020.R.CSE.5.19CSE314', 'CB.EN.U4CSE20443'),
('B.Tech..2020.R.CSE.5.19CSE314', 'CB.EN.U4CSE20444'),
('B.Tech..2020.R.CSE.5.19CSE314', 'CB.EN.U4CSE20445'),
('B.Tech..2020.R.CSE.5.19CSE314', 'CB.EN.U4CSE20446'),
('B.Tech..2020.R.CSE.5.19CSE314', 'CB.EN.U4CSE20447'),
('B.Tech..2020.R.CSE.5.19CSE314', 'CB.EN.U4CSE20448'),
('B.Tech..2020.R.CSE.5.19CSE314', 'CB.EN.U4CSE20449'),
('B.Tech..2020.R.CSE.5.19CSE314', 'CB.EN.U4CSE20450'),
('B.Tech..2020.R.CSE.5.19CSE314', 'CB.EN.U4CSE20451'),
('B.Tech..2020.R.CSE.5.19CSE314', 'CB.EN.U4CSE20452'),
('B.Tech..2020.R.CSE.5.19CSE314', 'CB.EN.U4CSE20453'),
('B.Tech..2020.R.CSE.5.19CSE314', 'CB.EN.U4CSE20454'),
('B.Tech..2020.R.CSE.5.19CSE314', 'CB.EN.U4CSE20455'),
('B.Tech..2020.R.CSE.5.19CSE314', 'CB.EN.U4CSE20456'),
('B.Tech..2020.R.CSE.5.19CSE314', 'CB.EN.U4CSE20457'),
('B.Tech..2020.R.CSE.5.19CSE314', 'CB.EN.U4CSE20458'),
('B.Tech..2020.R.CSE.5.19CSE314', 'CB.EN.U4CSE20459'),
('B.Tech..2020.R.CSE.5.19CSE314', 'CB.EN.U4CSE20460'),
('B.Tech..2020.R.CSE.5.19CSE314', 'CB.EN.U4CSE20461'),
('B.Tech..2020.R.CSE.5.19CSE314', 'CB.EN.U4CSE20462'),
('B.Tech..2020.R.CSE.5.19CSE314', 'CB.EN.U4CSE20463'),
('B.Tech..2020.R.CSE.5.19CSE314', 'CB.EN.U4CSE20464'),
('B.Tech..2020.R.CSE.5.19CSE314', 'CB.EN.U4CSE20465'),
('B.Tech..2020.R.CSE.5.19CSE314', 'CB.EN.U4CSE20466'),
('B.Tech..2020.R.CSE.5.19CSE314', 'CB.EN.U4CSE20467'),
('B.Tech..2020.R.CSE.5.19CSE314', 'CB.EN.U4CSE20468'),
('B.Tech..2020.R.CSE.5.19CSE314', 'CB.EN.U4CSE20469'),
('B.Tech..2020.R.CSE.5.19CSE314', 'CB.EN.U4CSE20470'),
('B.Tech..2020.R.CSE.5.19CSE314', 'CB.EN.U4CSE20471'),
('B.Tech..2020.R.CSE.6.19CSE311', 'CB.EN.U4CSE20601'),
('B.Tech..2020.R.CSE.6.19CSE311', 'CB.EN.U4CSE20602'),
('B.Tech..2020.R.CSE.6.19CSE311', 'CB.EN.U4CSE20603'),
('B.Tech..2020.R.CSE.6.19CSE311', 'CB.EN.U4CSE20604'),
('B.Tech..2020.R.CSE.6.19CSE311', 'CB.EN.U4CSE20606'),
('B.Tech..2020.R.CSE.6.19CSE311', 'CB.EN.U4CSE20607'),
('B.Tech..2020.R.CSE.6.19CSE311', 'CB.EN.U4CSE20608'),
('B.Tech..2020.R.CSE.6.19CSE311', 'CB.EN.U4CSE20609'),
('B.Tech..2020.R.CSE.6.19CSE311', 'CB.EN.U4CSE20610'),
('B.Tech..2020.R.CSE.6.19CSE311', 'CB.EN.U4CSE20611'),
('B.Tech..2020.R.CSE.6.19CSE311', 'CB.EN.U4CSE20612'),
('B.Tech..2020.R.CSE.6.19CSE311', 'CB.EN.U4CSE20613'),
('B.Tech..2020.R.CSE.6.19CSE311', 'CB.EN.U4CSE20614'),
('B.Tech..2020.R.CSE.6.19CSE311', 'CB.EN.U4CSE20615'),
('B.Tech..2020.R.CSE.6.19CSE311', 'CB.EN.U4CSE20616'),
('B.Tech..2020.R.CSE.6.19CSE311', 'CB.EN.U4CSE20617'),
('B.Tech..2020.R.CSE.6.19CSE311', 'CB.EN.U4CSE20618'),
('B.Tech..2020.R.CSE.6.19CSE311', 'CB.EN.U4CSE20619'),
('B.Tech..2020.R.CSE.6.19CSE311', 'CB.EN.U4CSE20620'),
('B.Tech..2020.R.CSE.6.19CSE311', 'CB.EN.U4CSE20621'),
('B.Tech..2020.R.CSE.6.19CSE311', 'CB.EN.U4CSE20622'),
('B.Tech..2020.R.CSE.6.19CSE311', 'CB.EN.U4CSE20623'),
('B.Tech..2020.R.CSE.6.19CSE311', 'CB.EN.U4CSE20624'),
('B.Tech..2020.R.CSE.6.19CSE311', 'CB.EN.U4CSE20625'),
('B.Tech..2020.R.CSE.6.19CSE311', 'CB.EN.U4CSE20626'),
('B.Tech..2020.R.CSE.6.19CSE311', 'CB.EN.U4CSE20627'),
('B.Tech..2020.R.CSE.6.19CSE311', 'CB.EN.U4CSE20628'),
('B.Tech..2020.R.CSE.6.19CSE311', 'CB.EN.U4CSE20629'),
('B.Tech..2020.R.CSE.6.19CSE311', 'CB.EN.U4CSE20630'),
('B.Tech..2020.R.CSE.6.19CSE311', 'CB.EN.U4CSE20631'),
('B.Tech..2020.R.CSE.6.19CSE311', 'CB.EN.U4CSE20632'),
('B.Tech..2020.R.CSE.6.19CSE311', 'CB.EN.U4CSE20633'),
('B.Tech..2020.R.CSE.6.19CSE311', 'CB.EN.U4CSE20634'),
('B.Tech..2020.R.CSE.6.19CSE311', 'CB.EN.U4CSE20635'),
('B.Tech..2020.R.CSE.6.19CSE311', 'CB.EN.U4CSE20636'),
('B.Tech..2020.R.CSE.6.19CSE311', 'CB.EN.U4CSE20637'),
('B.Tech..2020.R.CSE.6.19CSE311', 'CB.EN.U4CSE20638'),
('B.Tech..2020.R.CSE.6.19CSE311', 'CB.EN.U4CSE20639'),
('B.Tech..2020.R.CSE.6.19CSE311', 'CB.EN.U4CSE20640'),
('B.Tech..2020.R.CSE.6.19CSE311', 'CB.EN.U4CSE20641'),
('B.Tech..2020.R.CSE.6.19CSE311', 'CB.EN.U4CSE20642'),
('B.Tech..2020.R.CSE.6.19CSE311', 'CB.EN.U4CSE20643'),
('B.Tech..2020.R.CSE.6.19CSE311', 'CB.EN.U4CSE20644'),
('B.Tech..2020.R.CSE.6.19CSE311', 'CB.EN.U4CSE20645'),
('B.Tech..2020.R.CSE.6.19CSE311', 'CB.EN.U4CSE20646'),
('B.Tech..2020.R.CSE.6.19CSE311', 'CB.EN.U4CSE20647'),
('B.Tech..2020.R.CSE.6.19CSE311', 'CB.EN.U4CSE20648'),
('B.Tech..2020.R.CSE.6.19CSE311', 'CB.EN.U4CSE20649'),
('B.Tech..2020.R.CSE.6.19CSE311', 'CB.EN.U4CSE20650'),
('B.Tech..2020.R.CSE.6.19CSE311', 'CB.EN.U4CSE20651'),
('B.Tech..2020.R.CSE.6.19CSE311', 'CB.EN.U4CSE20652'),
('B.Tech..2020.R.CSE.6.19CSE311', 'CB.EN.U4CSE20653'),
('B.Tech..2020.R.CSE.6.19CSE311', 'CB.EN.U4CSE20654'),
('B.Tech..2020.R.CSE.6.19CSE311', 'CB.EN.U4CSE20655'),
('B.Tech..2020.R.CSE.6.19CSE311', 'CB.EN.U4CSE20656'),
('B.Tech..2020.R.CSE.6.19CSE311', 'CB.EN.U4CSE20657'),
('B.Tech..2020.R.CSE.6.19CSE311', 'CB.EN.U4CSE20659'),
('B.Tech..2020.R.CSE.6.19CSE311', 'CB.EN.U4CSE20660'),
('B.Tech..2020.R.CSE.6.19CSE311', 'CB.EN.U4CSE20661'),
('B.Tech..2020.R.CSE.6.19CSE311', 'CB.EN.U4CSE20662'),
('B.Tech..2020.R.CSE.6.19CSE311', 'CB.EN.U4CSE20663'),
('B.Tech..2020.R.CSE.6.19CSE311', 'CB.EN.U4CSE20664'),
('B.Tech..2020.R.CSE.6.19CSE311', 'CB.EN.U4CSE20665'),
('B.Tech..2020.R.CSE.6.19CSE311', 'CB.EN.U4CSE20666'),
('B.Tech..2020.R.CSE.6.19CSE311', 'CB.EN.U4CSE20667'),
('B.Tech..2020.R.CSE.6.19CSE311', 'CB.EN.U4CSE20668'),
('B.Tech..2020.R.CSE.6.19CSE311', 'CB.EN.U4CSE20669'),
('B.Tech..2020.R.CSE.6.19CSE311', 'CB.EN.U4CSE20671'),
('B.Tech..2020.R.CSE.6.19CSE312', 'CB.EN.U4CSE20601'),
('B.Tech..2020.R.CSE.6.19CSE312', 'CB.EN.U4CSE20602'),
('B.Tech..2020.R.CSE.6.19CSE312', 'CB.EN.U4CSE20603'),
('B.Tech..2020.R.CSE.6.19CSE312', 'CB.EN.U4CSE20604'),
('B.Tech..2020.R.CSE.6.19CSE312', 'CB.EN.U4CSE20606'),
('B.Tech..2020.R.CSE.6.19CSE312', 'CB.EN.U4CSE20607'),
('B.Tech..2020.R.CSE.6.19CSE312', 'CB.EN.U4CSE20608'),
('B.Tech..2020.R.CSE.6.19CSE312', 'CB.EN.U4CSE20609'),
('B.Tech..2020.R.CSE.6.19CSE312', 'CB.EN.U4CSE20610'),
('B.Tech..2020.R.CSE.6.19CSE312', 'CB.EN.U4CSE20611'),
('B.Tech..2020.R.CSE.6.19CSE312', 'CB.EN.U4CSE20612'),
('B.Tech..2020.R.CSE.6.19CSE312', 'CB.EN.U4CSE20613'),
('B.Tech..2020.R.CSE.6.19CSE312', 'CB.EN.U4CSE20614'),
('B.Tech..2020.R.CSE.6.19CSE312', 'CB.EN.U4CSE20615'),
('B.Tech..2020.R.CSE.6.19CSE312', 'CB.EN.U4CSE20616'),
('B.Tech..2020.R.CSE.6.19CSE312', 'CB.EN.U4CSE20617'),
('B.Tech..2020.R.CSE.6.19CSE312', 'CB.EN.U4CSE20618'),
('B.Tech..2020.R.CSE.6.19CSE312', 'CB.EN.U4CSE20619'),
('B.Tech..2020.R.CSE.6.19CSE312', 'CB.EN.U4CSE20620'),
('B.Tech..2020.R.CSE.6.19CSE312', 'CB.EN.U4CSE20621'),
('B.Tech..2020.R.CSE.6.19CSE312', 'CB.EN.U4CSE20622'),
('B.Tech..2020.R.CSE.6.19CSE312', 'CB.EN.U4CSE20623'),
('B.Tech..2020.R.CSE.6.19CSE312', 'CB.EN.U4CSE20624'),
('B.Tech..2020.R.CSE.6.19CSE312', 'CB.EN.U4CSE20625'),
('B.Tech..2020.R.CSE.6.19CSE312', 'CB.EN.U4CSE20626'),
('B.Tech..2020.R.CSE.6.19CSE312', 'CB.EN.U4CSE20627'),
('B.Tech..2020.R.CSE.6.19CSE312', 'CB.EN.U4CSE20628'),
('B.Tech..2020.R.CSE.6.19CSE312', 'CB.EN.U4CSE20629'),
('B.Tech..2020.R.CSE.6.19CSE312', 'CB.EN.U4CSE20630'),
('B.Tech..2020.R.CSE.6.19CSE312', 'CB.EN.U4CSE20631'),
('B.Tech..2020.R.CSE.6.19CSE312', 'CB.EN.U4CSE20632'),
('B.Tech..2020.R.CSE.6.19CSE312', 'CB.EN.U4CSE20633'),
('B.Tech..2020.R.CSE.6.19CSE312', 'CB.EN.U4CSE20634'),
('B.Tech..2020.R.CSE.6.19CSE312', 'CB.EN.U4CSE20635'),
('B.Tech..2020.R.CSE.6.19CSE312', 'CB.EN.U4CSE20636'),
('B.Tech..2020.R.CSE.6.19CSE312', 'CB.EN.U4CSE20637'),
('B.Tech..2020.R.CSE.6.19CSE312', 'CB.EN.U4CSE20638'),
('B.Tech..2020.R.CSE.6.19CSE312', 'CB.EN.U4CSE20639'),
('B.Tech..2020.R.CSE.6.19CSE312', 'CB.EN.U4CSE20640'),
('B.Tech..2020.R.CSE.6.19CSE312', 'CB.EN.U4CSE20641'),
('B.Tech..2020.R.CSE.6.19CSE312', 'CB.EN.U4CSE20642'),
('B.Tech..2020.R.CSE.6.19CSE312', 'CB.EN.U4CSE20643'),
('B.Tech..2020.R.CSE.6.19CSE312', 'CB.EN.U4CSE20644'),
('B.Tech..2020.R.CSE.6.19CSE312', 'CB.EN.U4CSE20645'),
('B.Tech..2020.R.CSE.6.19CSE312', 'CB.EN.U4CSE20646'),
('B.Tech..2020.R.CSE.6.19CSE312', 'CB.EN.U4CSE20647'),
('B.Tech..2020.R.CSE.6.19CSE312', 'CB.EN.U4CSE20648'),
('B.Tech..2020.R.CSE.6.19CSE312', 'CB.EN.U4CSE20649'),
('B.Tech..2020.R.CSE.6.19CSE312', 'CB.EN.U4CSE20650'),
('B.Tech..2020.R.CSE.6.19CSE312', 'CB.EN.U4CSE20651'),
('B.Tech..2020.R.CSE.6.19CSE312', 'CB.EN.U4CSE20652'),
('B.Tech..2020.R.CSE.6.19CSE312', 'CB.EN.U4CSE20653'),
('B.Tech..2020.R.CSE.6.19CSE312', 'CB.EN.U4CSE20654'),
('B.Tech..2020.R.CSE.6.19CSE312', 'CB.EN.U4CSE20655'),
('B.Tech..2020.R.CSE.6.19CSE312', 'CB.EN.U4CSE20656'),
('B.Tech..2020.R.CSE.6.19CSE312', 'CB.EN.U4CSE20657'),
('B.Tech..2020.R.CSE.6.19CSE312', 'CB.EN.U4CSE20659'),
('B.Tech..2020.R.CSE.6.19CSE312', 'CB.EN.U4CSE20660'),
('B.Tech..2020.R.CSE.6.19CSE312', 'CB.EN.U4CSE20661'),
('B.Tech..2020.R.CSE.6.19CSE312', 'CB.EN.U4CSE20662'),
('B.Tech..2020.R.CSE.6.19CSE312', 'CB.EN.U4CSE20663'),
('B.Tech..2020.R.CSE.6.19CSE312', 'CB.EN.U4CSE20664'),
('B.Tech..2020.R.CSE.6.19CSE312', 'CB.EN.U4CSE20665'),
('B.Tech..2020.R.CSE.6.19CSE312', 'CB.EN.U4CSE20666'),
('B.Tech..2020.R.CSE.6.19CSE312', 'CB.EN.U4CSE20667'),
('B.Tech..2020.R.CSE.6.19CSE312', 'CB.EN.U4CSE20668'),
('B.Tech..2020.R.CSE.6.19CSE312', 'CB.EN.U4CSE20669'),
('B.Tech..2020.R.CSE.6.19CSE312', 'CB.EN.U4CSE20671'),
('B.Tech..2020.R.CSE.6.19CSE313', 'CB.EN.U4CSE20601'),
('B.Tech..2020.R.CSE.6.19CSE313', 'CB.EN.U4CSE20602'),
('B.Tech..2020.R.CSE.6.19CSE313', 'CB.EN.U4CSE20603'),
('B.Tech..2020.R.CSE.6.19CSE313', 'CB.EN.U4CSE20604'),
('B.Tech..2020.R.CSE.6.19CSE313', 'CB.EN.U4CSE20606'),
('B.Tech..2020.R.CSE.6.19CSE313', 'CB.EN.U4CSE20607'),
('B.Tech..2020.R.CSE.6.19CSE313', 'CB.EN.U4CSE20608'),
('B.Tech..2020.R.CSE.6.19CSE313', 'CB.EN.U4CSE20609'),
('B.Tech..2020.R.CSE.6.19CSE313', 'CB.EN.U4CSE20610'),
('B.Tech..2020.R.CSE.6.19CSE313', 'CB.EN.U4CSE20611'),
('B.Tech..2020.R.CSE.6.19CSE313', 'CB.EN.U4CSE20612'),
('B.Tech..2020.R.CSE.6.19CSE313', 'CB.EN.U4CSE20613'),
('B.Tech..2020.R.CSE.6.19CSE313', 'CB.EN.U4CSE20614'),
('B.Tech..2020.R.CSE.6.19CSE313', 'CB.EN.U4CSE20615'),
('B.Tech..2020.R.CSE.6.19CSE313', 'CB.EN.U4CSE20616'),
('B.Tech..2020.R.CSE.6.19CSE313', 'CB.EN.U4CSE20617'),
('B.Tech..2020.R.CSE.6.19CSE313', 'CB.EN.U4CSE20618'),
('B.Tech..2020.R.CSE.6.19CSE313', 'CB.EN.U4CSE20619'),
('B.Tech..2020.R.CSE.6.19CSE313', 'CB.EN.U4CSE20620'),
('B.Tech..2020.R.CSE.6.19CSE313', 'CB.EN.U4CSE20621'),
('B.Tech..2020.R.CSE.6.19CSE313', 'CB.EN.U4CSE20622'),
('B.Tech..2020.R.CSE.6.19CSE313', 'CB.EN.U4CSE20623'),
('B.Tech..2020.R.CSE.6.19CSE313', 'CB.EN.U4CSE20624'),
('B.Tech..2020.R.CSE.6.19CSE313', 'CB.EN.U4CSE20625'),
('B.Tech..2020.R.CSE.6.19CSE313', 'CB.EN.U4CSE20626'),
('B.Tech..2020.R.CSE.6.19CSE313', 'CB.EN.U4CSE20627'),
('B.Tech..2020.R.CSE.6.19CSE313', 'CB.EN.U4CSE20628'),
('B.Tech..2020.R.CSE.6.19CSE313', 'CB.EN.U4CSE20629'),
('B.Tech..2020.R.CSE.6.19CSE313', 'CB.EN.U4CSE20630'),
('B.Tech..2020.R.CSE.6.19CSE313', 'CB.EN.U4CSE20631'),
('B.Tech..2020.R.CSE.6.19CSE313', 'CB.EN.U4CSE20632'),
('B.Tech..2020.R.CSE.6.19CSE313', 'CB.EN.U4CSE20633'),
('B.Tech..2020.R.CSE.6.19CSE313', 'CB.EN.U4CSE20634'),
('B.Tech..2020.R.CSE.6.19CSE313', 'CB.EN.U4CSE20635'),
('B.Tech..2020.R.CSE.6.19CSE313', 'CB.EN.U4CSE20636'),
('B.Tech..2020.R.CSE.6.19CSE313', 'CB.EN.U4CSE20637'),
('B.Tech..2020.R.CSE.6.19CSE313', 'CB.EN.U4CSE20638'),
('B.Tech..2020.R.CSE.6.19CSE313', 'CB.EN.U4CSE20639'),
('B.Tech..2020.R.CSE.6.19CSE313', 'CB.EN.U4CSE20640'),
('B.Tech..2020.R.CSE.6.19CSE313', 'CB.EN.U4CSE20641'),
('B.Tech..2020.R.CSE.6.19CSE313', 'CB.EN.U4CSE20642'),
('B.Tech..2020.R.CSE.6.19CSE313', 'CB.EN.U4CSE20643'),
('B.Tech..2020.R.CSE.6.19CSE313', 'CB.EN.U4CSE20644'),
('B.Tech..2020.R.CSE.6.19CSE313', 'CB.EN.U4CSE20645'),
('B.Tech..2020.R.CSE.6.19CSE313', 'CB.EN.U4CSE20646'),
('B.Tech..2020.R.CSE.6.19CSE313', 'CB.EN.U4CSE20647'),
('B.Tech..2020.R.CSE.6.19CSE313', 'CB.EN.U4CSE20648'),
('B.Tech..2020.R.CSE.6.19CSE313', 'CB.EN.U4CSE20649'),
('B.Tech..2020.R.CSE.6.19CSE313', 'CB.EN.U4CSE20650'),
('B.Tech..2020.R.CSE.6.19CSE313', 'CB.EN.U4CSE20651'),
('B.Tech..2020.R.CSE.6.19CSE313', 'CB.EN.U4CSE20652'),
('B.Tech..2020.R.CSE.6.19CSE313', 'CB.EN.U4CSE20653'),
('B.Tech..2020.R.CSE.6.19CSE313', 'CB.EN.U4CSE20654'),
('B.Tech..2020.R.CSE.6.19CSE313', 'CB.EN.U4CSE20655'),
('B.Tech..2020.R.CSE.6.19CSE313', 'CB.EN.U4CSE20656'),
('B.Tech..2020.R.CSE.6.19CSE313', 'CB.EN.U4CSE20657'),
('B.Tech..2020.R.CSE.6.19CSE313', 'CB.EN.U4CSE20659'),
('B.Tech..2020.R.CSE.6.19CSE313', 'CB.EN.U4CSE20660'),
('B.Tech..2020.R.CSE.6.19CSE313', 'CB.EN.U4CSE20661'),
('B.Tech..2020.R.CSE.6.19CSE313', 'CB.EN.U4CSE20662'),
('B.Tech..2020.R.CSE.6.19CSE313', 'CB.EN.U4CSE20663'),
('B.Tech..2020.R.CSE.6.19CSE313', 'CB.EN.U4CSE20664'),
('B.Tech..2020.R.CSE.6.19CSE313', 'CB.EN.U4CSE20665'),
('B.Tech..2020.R.CSE.6.19CSE313', 'CB.EN.U4CSE20666'),
('B.Tech..2020.R.CSE.6.19CSE313', 'CB.EN.U4CSE20667'),
('B.Tech..2020.R.CSE.6.19CSE313', 'CB.EN.U4CSE20668'),
('B.Tech..2020.R.CSE.6.19CSE313', 'CB.EN.U4CSE20669'),
('B.Tech..2020.R.CSE.6.19CSE313', 'CB.EN.U4CSE20671'),
('B.Tech..2020.R.CSE.6.19CSE314', 'CB.EN.U4CSE20601'),
('B.Tech..2020.R.CSE.6.19CSE314', 'CB.EN.U4CSE20602'),
('B.Tech..2020.R.CSE.6.19CSE314', 'CB.EN.U4CSE20603'),
('B.Tech..2020.R.CSE.6.19CSE314', 'CB.EN.U4CSE20604'),
('B.Tech..2020.R.CSE.6.19CSE314', 'CB.EN.U4CSE20606'),
('B.Tech..2020.R.CSE.6.19CSE314', 'CB.EN.U4CSE20607'),
('B.Tech..2020.R.CSE.6.19CSE314', 'CB.EN.U4CSE20608'),
('B.Tech..2020.R.CSE.6.19CSE314', 'CB.EN.U4CSE20609'),
('B.Tech..2020.R.CSE.6.19CSE314', 'CB.EN.U4CSE20610'),
('B.Tech..2020.R.CSE.6.19CSE314', 'CB.EN.U4CSE20611'),
('B.Tech..2020.R.CSE.6.19CSE314', 'CB.EN.U4CSE20612'),
('B.Tech..2020.R.CSE.6.19CSE314', 'CB.EN.U4CSE20613'),
('B.Tech..2020.R.CSE.6.19CSE314', 'CB.EN.U4CSE20614'),
('B.Tech..2020.R.CSE.6.19CSE314', 'CB.EN.U4CSE20615'),
('B.Tech..2020.R.CSE.6.19CSE314', 'CB.EN.U4CSE20616'),
('B.Tech..2020.R.CSE.6.19CSE314', 'CB.EN.U4CSE20617'),
('B.Tech..2020.R.CSE.6.19CSE314', 'CB.EN.U4CSE20618'),
('B.Tech..2020.R.CSE.6.19CSE314', 'CB.EN.U4CSE20619'),
('B.Tech..2020.R.CSE.6.19CSE314', 'CB.EN.U4CSE20620'),
('B.Tech..2020.R.CSE.6.19CSE314', 'CB.EN.U4CSE20621'),
('B.Tech..2020.R.CSE.6.19CSE314', 'CB.EN.U4CSE20622'),
('B.Tech..2020.R.CSE.6.19CSE314', 'CB.EN.U4CSE20623'),
('B.Tech..2020.R.CSE.6.19CSE314', 'CB.EN.U4CSE20624'),
('B.Tech..2020.R.CSE.6.19CSE314', 'CB.EN.U4CSE20625'),
('B.Tech..2020.R.CSE.6.19CSE314', 'CB.EN.U4CSE20626'),
('B.Tech..2020.R.CSE.6.19CSE314', 'CB.EN.U4CSE20627'),
('B.Tech..2020.R.CSE.6.19CSE314', 'CB.EN.U4CSE20628'),
('B.Tech..2020.R.CSE.6.19CSE314', 'CB.EN.U4CSE20629'),
('B.Tech..2020.R.CSE.6.19CSE314', 'CB.EN.U4CSE20630'),
('B.Tech..2020.R.CSE.6.19CSE314', 'CB.EN.U4CSE20631'),
('B.Tech..2020.R.CSE.6.19CSE314', 'CB.EN.U4CSE20632'),
('B.Tech..2020.R.CSE.6.19CSE314', 'CB.EN.U4CSE20633'),
('B.Tech..2020.R.CSE.6.19CSE314', 'CB.EN.U4CSE20634'),
('B.Tech..2020.R.CSE.6.19CSE314', 'CB.EN.U4CSE20635'),
('B.Tech..2020.R.CSE.6.19CSE314', 'CB.EN.U4CSE20636'),
('B.Tech..2020.R.CSE.6.19CSE314', 'CB.EN.U4CSE20637'),
('B.Tech..2020.R.CSE.6.19CSE314', 'CB.EN.U4CSE20638'),
('B.Tech..2020.R.CSE.6.19CSE314', 'CB.EN.U4CSE20639'),
('B.Tech..2020.R.CSE.6.19CSE314', 'CB.EN.U4CSE20640'),
('B.Tech..2020.R.CSE.6.19CSE314', 'CB.EN.U4CSE20641'),
('B.Tech..2020.R.CSE.6.19CSE314', 'CB.EN.U4CSE20642'),
('B.Tech..2020.R.CSE.6.19CSE314', 'CB.EN.U4CSE20643'),
('B.Tech..2020.R.CSE.6.19CSE314', 'CB.EN.U4CSE20644'),
('B.Tech..2020.R.CSE.6.19CSE314', 'CB.EN.U4CSE20645'),
('B.Tech..2020.R.CSE.6.19CSE314', 'CB.EN.U4CSE20646'),
('B.Tech..2020.R.CSE.6.19CSE314', 'CB.EN.U4CSE20647'),
('B.Tech..2020.R.CSE.6.19CSE314', 'CB.EN.U4CSE20648'),
('B.Tech..2020.R.CSE.6.19CSE314', 'CB.EN.U4CSE20649'),
('B.Tech..2020.R.CSE.6.19CSE314', 'CB.EN.U4CSE20650'),
('B.Tech..2020.R.CSE.6.19CSE314', 'CB.EN.U4CSE20651'),
('B.Tech..2020.R.CSE.6.19CSE314', 'CB.EN.U4CSE20652'),
('B.Tech..2020.R.CSE.6.19CSE314', 'CB.EN.U4CSE20653'),
('B.Tech..2020.R.CSE.6.19CSE314', 'CB.EN.U4CSE20654'),
('B.Tech..2020.R.CSE.6.19CSE314', 'CB.EN.U4CSE20655'),
('B.Tech..2020.R.CSE.6.19CSE314', 'CB.EN.U4CSE20656'),
('B.Tech..2020.R.CSE.6.19CSE314', 'CB.EN.U4CSE20657'),
('B.Tech..2020.R.CSE.6.19CSE314', 'CB.EN.U4CSE20659'),
('B.Tech..2020.R.CSE.6.19CSE314', 'CB.EN.U4CSE20660'),
('B.Tech..2020.R.CSE.6.19CSE314', 'CB.EN.U4CSE20661'),
('B.Tech..2020.R.CSE.6.19CSE314', 'CB.EN.U4CSE20662'),
('B.Tech..2020.R.CSE.6.19CSE314', 'CB.EN.U4CSE20663'),
('B.Tech..2020.R.CSE.6.19CSE314', 'CB.EN.U4CSE20664'),
('B.Tech..2020.R.CSE.6.19CSE314', 'CB.EN.U4CSE20665'),
('B.Tech..2020.R.CSE.6.19CSE314', 'CB.EN.U4CSE20666'),
('B.Tech..2020.R.CSE.6.19CSE314', 'CB.EN.U4CSE20667'),
('B.Tech..2020.R.CSE.6.19CSE314', 'CB.EN.U4CSE20668'),
('B.Tech..2020.R.CSE.6.19CSE314', 'CB.EN.U4CSE20669'),
('B.Tech..2020.R.CSE.6.19CSE314', 'CB.EN.U4CSE20671');

-- --------------------------------------------------------

--
-- Table structure for table `faculty`
--

CREATE TABLE `faculty` (
  `faculty_id` varchar(20) NOT NULL,
  `name` varchar(20) NOT NULL,
  `password` varchar(20) NOT NULL
) ENGINE=InnoDB DEFAULT CHARSET=utf8mb4 COLLATE=utf8mb4_general_ci;

--
-- Dumping data for table `faculty`
--

INSERT INTO `faculty` (`faculty_id`, `name`, `password`) VALUES
('g_radhika', 'Radhika G', 'qwerty'),
('j_govindrajan', 'Govindrajan J', 'qwerty'),
('kp_jevitha', 'K.P Jevitha ', 'qwerty'),
('n_radhika', 'Radhika N', 'qwerty'),
('ss_priya', 'Shanmuga Priya S', 'qwerty');

-- --------------------------------------------------------

--
-- Table structure for table `od`
--

CREATE TABLE `od` (
  `course_id` varchar(40) NOT NULL,
  `roll_no` varchar(16) NOT NULL,
  `date` varchar(30) NOT NULL,
  `slot` int(11) NOT NULL,
  `reason` varchar(200) NOT NULL,
  `status` varchar(5) NOT NULL DEFAULT 'No'
) ENGINE=InnoDB DEFAULT CHARSET=utf8mb4 COLLATE=utf8mb4_general_ci;

--
-- Dumping data for table `od`
--

INSERT INTO `od` (`course_id`, `roll_no`, `date`, `slot`, `reason`, `status`) VALUES
('B.Tech..2020.R.CSE.3.19CSE311', 'CB.EN.U4CSE20201', '2023-05-13', 5, 'Medical', 'No'),
('B.Tech..2020.R.CSE.3.19CSE314', 'CB.EN.U4CSE20201', '2023-05-10', 4, 'Medical', 'No'),
('B.Tech..2020.R.CSE.3.19CSE311', 'CB.EN.U4CSE20202', '2023-05-13', 5, 'Medical', 'No'),
('B.Tech..2020.R.CSE.3.19CSE314', 'CB.EN.U4CSE20202', '2023-05-10', 4, 'Medical', 'No'),
('B.Tech..2020.R.CSE.3.19CSE311', 'CB.EN.U4CSE20203', '2023-05-13', 5, 'Medical', 'No'),
('B.Tech..2020.R.CSE.3.19CSE314', 'CB.EN.U4CSE20203', '2023-05-10', 4, 'Medical', 'No'),
('B.Tech..2020.R.CSE.3.19CSE311', 'CB.EN.U4CSE20204', '2023-05-13', 5, 'Medical', 'No'),
('B.Tech..2020.R.CSE.3.19CSE314', 'CB.EN.U4CSE20204', '2023-05-10', 4, 'Medical', 'No'),
('B.Tech..2020.R.CSE.3.19CSE311', 'CB.EN.U4CSE20205', '2023-05-13', 5, 'Medical', 'No'),
('B.Tech..2020.R.CSE.3.19CSE314', 'CB.EN.U4CSE20205', '2023-05-10', 4, 'Medical', 'No'),
('B.Tech..2020.R.CSE.3.19CSE311', 'CB.EN.U4CSE20206', '2023-05-13', 5, 'Medical', 'No'),
('B.Tech..2020.R.CSE.3.19CSE314', 'CB.EN.U4CSE20206', '2023-05-10', 4, 'Medical', 'No'),
('B.Tech..2020.R.CSE.3.19CSE314', 'CB.EN.U4CSE20216', '2023-06-14', 4, 'Kochi', 'No');

-- --------------------------------------------------------

--
-- Table structure for table `parent`
--

CREATE TABLE `parent` (
  `name` varchar(20) NOT NULL,
  `child_roll_no` varchar(16) NOT NULL,
  `password` varchar(20) NOT NULL
) ENGINE=InnoDB DEFAULT CHARSET=utf8mb4 COLLATE=utf8mb4_general_ci;

--
-- Dumping data for table `parent`
--

INSERT INTO `parent` (`name`, `child_roll_no`, `password`) VALUES
('xyz', 'CB.EN.U4CSE20216', 'qwerty');

-- --------------------------------------------------------

--
-- Table structure for table `student`
--

CREATE TABLE `student` (
  `roll_no` varchar(16) NOT NULL,
  `name` varchar(40) NOT NULL,
  `password` varchar(20) NOT NULL
) ENGINE=InnoDB DEFAULT CHARSET=utf8mb4 COLLATE=utf8mb4_general_ci;

--
-- Dumping data for table `student`
--

INSERT INTO `student` (`roll_no`, `name`, `password`) VALUES
('CB.EN.U4CSE20001', 'Aadith S J', 'qwerty'),
('CB.EN.U4CSE20002', 'Abinaya S', 'qwerty'),
('CB.EN.U4CSE20003', 'Abishek Roy B J', 'qwerty'),
('CB.EN.U4CSE20004', 'Aditya Krishna V', 'qwerty'),
('CB.EN.U4CSE20005', 'Ajey Prasand  M', 'qwerty'),
('CB.EN.U4CSE20006', 'S Akash', 'qwerty'),
('CB.EN.U4CSE20007', 'A Anirudh Reddy', 'qwerty'),
('CB.EN.U4CSE20008', 'Aparna A', 'qwerty'),
('CB.EN.U4CSE20009', 'S Arjhun', 'qwerty'),
('CB.EN.U4CSE20010', 'Asvanth C', 'qwerty'),
('CB.EN.U4CSE20011', 'Badana Tarun', 'qwerty'),
('CB.EN.U4CSE20012', 'Behara Durga Hemanth', 'qwerty'),
('CB.EN.U4CSE20013', 'Birudavolu Vishnu Dheeraj Reddy', 'qwerty'),
('CB.EN.U4CSE20014', 'Challagundla Saketh', 'qwerty'),
('CB.EN.U4CSE20015', 'Chetanya Miglani', 'qwerty'),
('CB.EN.U4CSE20016', 'Dabburi Rajesh', 'qwerty'),
('CB.EN.U4CSE20017', 'Deepak Sanjay S J', 'qwerty'),
('CB.EN.U4CSE20018', 'Dharun N', 'qwerty'),
('CB.EN.U4CSE20019', 'Dommeti Surya Vamsi', 'qwerty'),
('CB.EN.U4CSE20020', 'Gadde Ashok', 'qwerty'),
('CB.EN.U4CSE20021', 'Geddam Durga Rao', 'qwerty'),
('CB.EN.U4CSE20022', 'S Gowrishankar', 'qwerty'),
('CB.EN.U4CSE20023', 'PA Gurudev', 'qwerty'),
('CB.EN.U4CSE20024', 'Guda Yasaswini', 'qwerty'),
('CB.EN.U4CSE20025', 'Harish Kumar V', 'qwerty'),
('CB.EN.U4CSE20026', 'B Hema Varshini', 'qwerty'),
('CB.EN.U4CSE20027', 'Jai Prakash Reddy Dharmala', 'qwerty'),
('CB.EN.U4CSE20028', 'Jayasuriyaa E', 'qwerty'),
('CB.EN.U4CSE20029', 'Kaki Sri Satvika', 'qwerty'),
('CB.EN.U4CSE20030', 'Kancharla Rupesh Sai Sathwik', 'qwerty'),
('CB.EN.U4CSE20031', 'Karthik Devarajan', 'qwerty'),
('CB.EN.U4CSE20032', 'Keerthana K A', 'qwerty'),
('CB.EN.U4CSE20033', 'Kisore Pirajin T S', 'qwerty'),
('CB.EN.U4CSE20034', 'Konakalla Bhava Bharath Suhas', 'qwerty'),
('CB.EN.U4CSE20035', 'Kotla Sayee Sumanth', 'qwerty'),
('CB.EN.U4CSE20036', 'Madathala Venkata Naga Sai Ram Reddy', 'qwerty'),
('CB.EN.U4CSE20037', 'Malireddy Dushyanth Reddy', 'qwerty'),
('CB.EN.U4CSE20038', 'Mannevaram Venkata Sai Vineeth', 'qwerty'),
('CB.EN.U4CSE20039', 'P Meenakshi', 'qwerty'),
('CB.EN.U4CSE20040', 'Mithun Karthik R R', 'qwerty'),
('CB.EN.U4CSE20041', 'K U Mukuntan', 'qwerty'),
('CB.EN.U4CSE20042', 'Nalluru Sai Nikhil', 'qwerty'),
('CB.EN.U4CSE20043', 'Nandana Mohan', 'qwerty'),
('CB.EN.U4CSE20044', 'P Narendhiran', 'qwerty'),
('CB.EN.U4CSE20045', 'Nishanth K', 'qwerty'),
('CB.EN.U4CSE20046', 'Nithin Skantha M', 'qwerty'),
('CB.EN.U4CSE20047', 'Pappla Komal Harshit', 'qwerty'),
('CB.EN.U4CSE20048', 'Pokuri Sai Samhitha', 'qwerty'),
('CB.EN.U4CSE20049', 'Pradishwaran D', 'qwerty'),
('CB.EN.U4CSE20050', 'Pranav M', 'qwerty'),
('CB.EN.U4CSE20051', 'Preethi Prabha', 'qwerty'),
('CB.EN.U4CSE20052', 'Puvvada Sai Kiran', 'qwerty'),
('CB.EN.U4CSE20053', 'N Ram Gopal', 'qwerty'),
('CB.EN.U4CSE20054', 'Ravva Venkata Sai Likith', 'qwerty'),
('CB.EN.U4CSE20055', 'Rohith P', 'qwerty'),
('CB.EN.U4CSE20056', 'Sai Krishnan R', 'qwerty'),
('CB.EN.U4CSE20057', 'Sangoji Vasanth Kumar', 'qwerty'),
('CB.EN.U4CSE20058', 'Sanjay M', 'qwerty'),
('CB.EN.U4CSE20059', 'Saranya Nair', 'qwerty'),
('CB.EN.U4CSE20060', 'Shannmathi S', 'qwerty'),
('CB.EN.U4CSE20061', 'S Shri Pranav', 'qwerty'),
('CB.EN.U4CSE20062', 'Shriinidhi Laxmanan', 'qwerty'),
('CB.EN.U4CSE20063', 'Sree Pranavi S', 'qwerty'),
('CB.EN.U4CSE20064', 'Sree Vignesh Manoj Kumar', 'qwerty'),
('CB.EN.U4CSE20065', 'Sri Priyadharshini H R', 'qwerty'),
('CB.EN.U4CSE20066', 'Sura Saketh Goud', 'qwerty'),
('CB.EN.U4CSE20068', 'Thatavarthi Harshit', 'qwerty'),
('CB.EN.U4CSE20069', 'K Vaisakhkrishnan', 'qwerty'),
('CB.EN.U4CSE20070', 'Varun S V', 'qwerty'),
('CB.EN.U4CSE20071', 'Vignesh Kumar A', 'qwerty'),
('CB.EN.U4CSE20072', 'Yadava Krishnaa P', 'qwerty'),
('CB.EN.U4CSE20101', 'Aadithian S Biju', 'qwerty'),
('CB.EN.U4CSE20102', 'Abiram Madhu', 'qwerty'),
('CB.EN.U4CSE20103', 'Addanki Abhishek', 'qwerty'),
('CB.EN.U4CSE20104', 'Akash T', 'qwerty'),
('CB.EN.U4CSE20105', 'Akhilesh R', 'qwerty'),
('CB.EN.U4CSE20106', 'Alok Rai', 'qwerty'),
('CB.EN.U4CSE20107', 'Annapurna Ramani', 'qwerty'),
('CB.EN.U4CSE20109', 'Arvapalli Alekhya', 'qwerty'),
('CB.EN.U4CSE20110', 'Aswinkumar K', 'qwerty'),
('CB.EN.U4CSE20111', 'Balaji B', 'qwerty'),
('CB.EN.U4CSE20112', 'Bharath R Nair', 'qwerty'),
('CB.EN.U4CSE20113', 'Boggarapu Mithil Raj Kumar Gupta', 'qwerty'),
('CB.EN.U4CSE20114', 'Chanamala Vipasyana Bhanu', 'qwerty'),
('CB.EN.U4CSE20115', 'Chintalapudi Lakshmi Ganesh Reddy', 'qwerty'),
('CB.EN.U4CSE20116', 'Daggupati Chandana', 'qwerty'),
('CB.EN.U4CSE20117', 'Deepankumar S', 'qwerty'),
('CB.EN.U4CSE20118', 'Dhanuprasad M R', 'qwerty'),
('CB.EN.U4CSE20119', 'Dheepak Raaj R', 'qwerty'),
('CB.EN.U4CSE20120', 'Duddukunta Jawahar Reddy', 'qwerty'),
('CB.EN.U4CSE20121', 'Gadde Uday Kiran', 'qwerty'),
('CB.EN.U4CSE20122', 'Giri Prasath R', 'qwerty'),
('CB.EN.U4CSE20123', 'Gurunithysh K', 'qwerty'),
('CB.EN.U4CSE20124', 'Harish R', 'qwerty'),
('CB.EN.U4CSE20125', 'Immadisetty Ruthingupta', 'qwerty'),
('CB.EN.U4CSE20126', 'Jai Vardhan N', 'qwerty'),
('CB.EN.U4CSE20127', 'Jegadit S Saravanan', 'qwerty'),
('CB.EN.U4CSE20128', 'Kaleedhasan V B', 'qwerty'),
('CB.EN.U4CSE20129', 'Kancharla Satya Sai Karthik', 'qwerty'),
('CB.EN.U4CSE20130', 'Guntupally Karthik', 'qwerty'),
('CB.EN.U4CSE20131', 'Katheram Venkata Sai Ram Reddy', 'qwerty'),
('CB.EN.U4CSE20132', 'M C Keerthana', 'qwerty'),
('CB.EN.U4CSE20133', 'Kirti Jain S', 'qwerty'),
('CB.EN.U4CSE20134', 'Koduru Anusha', 'qwerty'),
('CB.EN.U4CSE20135', 'Koppireddy Nikhitha', 'qwerty'),
('CB.EN.U4CSE20136', 'Kovuri Bala Naga Vinay', 'qwerty'),
('CB.EN.U4CSE20137', 'Kukatla Vishnu Vardhan', 'qwerty'),
('CB.EN.U4CSE20138', 'Lalith Guptha B', 'qwerty'),
('CB.EN.U4CSE20139', 'Mallavarapu Jashritha Reddy', 'qwerty'),
('CB.EN.U4CSE20140', 'Manoj S', 'qwerty'),
('CB.EN.U4CSE20141', 'Meghadharsan B', 'qwerty'),
('CB.EN.U4CSE20142', 'Mithun Menon M', 'qwerty'),
('CB.EN.U4CSE20143', 'Mullapudi Mahesh Sai', 'qwerty'),
('CB.EN.U4CSE20144', 'Navanithi V K', 'qwerty'),
('CB.EN.U4CSE20145', 'Nishanth M', 'qwerty'),
('CB.EN.U4CSE20146', 'Nithish  U S R', 'qwerty'),
('CB.EN.U4CSE20147', 'Parimarjan Mishra', 'qwerty'),
('CB.EN.U4CSE20148', 'Pola Yogeswara Reddy', 'qwerty'),
('CB.EN.U4CSE20149', 'Pramoth B', 'qwerty'),
('CB.EN.U4CSE20150', 'Pranesh R', 'qwerty'),
('CB.EN.U4CSE20151', 'B Priyadharshini', 'qwerty'),
('CB.EN.U4CSE20152', 'Raakesh M', 'qwerty'),
('CB.EN.U4CSE20153', 'G Rama Vamsidhar Reddy', 'qwerty'),
('CB.EN.U4CSE20154', 'Rengaraj R', 'qwerty'),
('CB.EN.U4CSE20155', 'S Rohith', 'qwerty'),
('CB.EN.U4CSE20156', 'Sai Mrudhun P', 'qwerty'),
('CB.EN.U4CSE20157', 'Saikrishna P', 'qwerty'),
('CB.EN.U4CSE20158', 'Sanjana Santhosh', 'qwerty'),
('CB.EN.U4CSE20159', 'Sharath S R', 'qwerty'),
('CB.EN.U4CSE20160', 'P Siddharth', 'qwerty'),
('CB.EN.U4CSE20161', 'B Sohan Nair', 'qwerty'),
('CB.EN.U4CSE20162', 'Srivignesh C', 'qwerty'),
('CB.EN.U4CSE20163', 'Sudireddy Shanmukhi', 'qwerty'),
('CB.EN.U4CSE20164', 'Suraj S', 'qwerty'),
('CB.EN.U4CSE20165', 'Swetha B', 'qwerty'),
('CB.EN.U4CSE20166', 'Tejaswini B K', 'qwerty'),
('CB.EN.U4CSE20167', 'Thiruselvan J', 'qwerty'),
('CB.EN.U4CSE20168', 'Upputuri Nithin', 'qwerty'),
('CB.EN.U4CSE20169', 'Ananth Krishna Vasireddy', 'qwerty'),
('CB.EN.U4CSE20170', 'Vindhya Vasini V', 'qwerty'),
('CB.EN.U4CSE20171', 'Yarra Jagadish Kumar', 'qwerty'),
('CB.EN.U4CSE20201', 'M Abhinav', 'qwerty'),
('CB.EN.U4CSE20202', 'Abirami S', 'qwerty'),
('CB.EN.U4CSE20203', 'Tarun Adusumilli', 'qwerty'),
('CB.EN.U4CSE20204', 'Akash P', 'qwerty'),
('CB.EN.U4CSE20205', 'Akshita Prasanth Pallithodiyil', 'qwerty'),
('CB.EN.U4CSE20206', 'Amidela  Anil Kumar', 'qwerty'),
('CB.EN.U4CSE20207', 'Anne Sai Sumanth Chand', 'qwerty'),
('CB.EN.U4CSE20208', 'Aravind S', 'qwerty'),
('CB.EN.U4CSE20209', 'Arvind B', 'qwerty'),
('CB.EN.U4CSE20210', 'Atyam Preetham Sri Krishna', 'qwerty'),
('CB.EN.U4CSE20211', 'Balaji V', 'qwerty'),
('CB.EN.U4CSE20212', 'Bhavvuk D Kalra', 'qwerty'),
('CB.EN.U4CSE20213', 'Chintapalli Jithendra Durga Kumar', 'qwerty'),
('CB.EN.U4CSE20214', 'Dandamudi Lokesh', 'qwerty'),
('CB.EN.U4CSE20215', 'Demada Harshith Reddy', 'qwerty'),
('CB.EN.U4CSE20216', 'Dhanush Penugonda', 'qwerty'),
('CB.EN.U4CSE20217', 'Dheepthi Priyangha S J', 'qwerty'),
('CB.EN.U4CSE20218', 'Duppala Vijaya  Raghava', 'qwerty'),
('CB.EN.U4CSE20219', 'Gajula Sujan Sagar', 'qwerty'),
('CB.EN.U4CSE20220', 'Giridhar M', 'qwerty'),
('CB.EN.U4CSE20221', 'Gutha Venkat Sai', 'qwerty'),
('CB.EN.U4CSE20222', 'S Harish Sankaranarayanan', 'qwerty'),
('CB.EN.U4CSE20223', 'Indravignesh S', 'qwerty'),
('CB.EN.U4CSE20224', 'Jai Prasanth C V', 'qwerty'),
('CB.EN.U4CSE20226', 'Kamalapuram Sujith Reddy', 'qwerty'),
('CB.EN.U4CSE20227', 'Kanishk Aadhaw P', 'qwerty'),
('CB.EN.U4CSE20228', 'Srikakolapu Karthik', 'qwerty'),
('CB.EN.U4CSE20229', 'Katta Pavan Venkata Siva Ramakrishna', 'qwerty'),
('CB.EN.U4CSE20230', 'Kennith Ronnie E', 'qwerty'),
('CB.EN.U4CSE20231', 'Kishore A V', 'qwerty'),
('CB.EN.U4CSE20232', 'Koduru Vivek Sai Reddy', 'qwerty'),
('CB.EN.U4CSE20234', 'Laxman K R', 'qwerty'),
('CB.EN.U4CSE20235', 'Mahasri V', 'qwerty'),
('CB.EN.U4CSE20236', 'Manaswini Kar', 'qwerty'),
('CB.EN.U4CSE20237', 'Marepalli Harika Yadav', 'qwerty'),
('CB.EN.U4CSE20238', 'Mattaparti Satya Chandana Snehal', 'qwerty'),
('CB.EN.U4CSE20239', 'Pullela Meghana', 'qwerty'),
('CB.EN.U4CSE20240', 'Bejjanki Mohit Manomay', 'qwerty'),
('CB.EN.U4CSE20241', 'Muppalla Dheeraj', 'qwerty'),
('CB.EN.U4CSE20242', 'V L Nandhakumar', 'qwerty'),
('CB.EN.U4CSE20243', 'Naveen S S', 'qwerty'),
('CB.EN.U4CSE20244', 'Nitheesh M', 'qwerty'),
('CB.EN.U4CSE20245', 'Paripoorna D', 'qwerty'),
('CB.EN.U4CSE20246', 'Pranav A S', 'qwerty'),
('CB.EN.U4CSE20247', 'Prasanna M', 'qwerty'),
('CB.EN.U4CSE20248', 'Raghunandan S', 'qwerty'),
('CB.EN.U4CSE20249', 'Ramala Prasanth Reddy', 'qwerty'),
('CB.EN.U4CSE20250', 'Rishi Kunnath', 'qwerty'),
('CB.EN.U4CSE20251', 'Nidadavolu Roshith Sai Sriram', 'qwerty'),
('CB.EN.U4CSE20252', 'Sai Ramya Illuri', 'qwerty'),
('CB.EN.U4CSE20253', 'Sailesh G', 'qwerty'),
('CB.EN.U4CSE20254', 'Sanjay Adithya M', 'qwerty'),
('CB.EN.U4CSE20255', 'S Sanjayan', 'qwerty'),
('CB.EN.U4CSE20256', 'Sarath Krishna C K', 'qwerty'),
('CB.EN.U4CSE20257', 'Shaik Abdul Basith', 'qwerty'),
('CB.EN.U4CSE20258', 'Sharon Bianca R', 'qwerty'),
('CB.EN.U4CSE20259', 'Shriram Arvinth', 'qwerty'),
('CB.EN.U4CSE20260', 'Siddhartha Bhaskaran', 'qwerty'),
('CB.EN.U4CSE20261', 'Somil Bansal', 'qwerty'),
('CB.EN.U4CSE20262', 'Sreedath Suresh', 'qwerty'),
('CB.EN.U4CSE20264', 'Sugrivu Rohit', 'qwerty'),
('CB.EN.U4CSE20265', 'Pothuganti Tarun', 'qwerty'),
('CB.EN.U4CSE20266', 'Tejaswini Boyapati', 'qwerty'),
('CB.EN.U4CSE20267', 'Thishi R', 'qwerty'),
('CB.EN.U4CSE20268', 'Utkarsh Dev', 'qwerty'),
('CB.EN.U4CSE20269', 'Veeraboina Nagoor', 'qwerty'),
('CB.EN.U4CSE20270', 'Vinusha T', 'qwerty'),
('CB.EN.U4CSE20271', 'Yenepuri Ashish', 'qwerty'),
('CB.EN.U4CSE20301', 'S Abhinav', 'qwerty'),
('CB.EN.U4CSE20303', 'Adithi Balaji', 'qwerty'),
('CB.EN.U4CSE20304', 'Aksita G', 'qwerty'),
('CB.EN.U4CSE20305', 'Amritesh P J', 'qwerty'),
('CB.EN.U4CSE20306', 'Amrith Krishnan Suresh', 'qwerty'),
('CB.EN.U4CSE20307', 'Anne Sai Venkata Lokesh', 'qwerty'),
('CB.EN.U4CSE20308', 'Aravinthan A', 'qwerty'),
('CB.EN.U4CSE20309', 'Avantika Balaji', 'qwerty'),
('CB.EN.U4CSE20310', 'Boppudi Lokesh', 'qwerty'),
('CB.EN.U4CSE20312', 'Pavan Chintha', 'qwerty'),
('CB.EN.U4CSE20313', 'Danush Vaman', 'qwerty'),
('CB.EN.U4CSE20314', 'Deva Sunder S J', 'qwerty'),
('CB.EN.U4CSE20315', 'Dharaneish V C', 'qwerty'),
('CB.EN.U4CSE20316', 'Dhiraj Kumar Yadavalli', 'qwerty'),
('CB.EN.U4CSE20317', 'Gali Laharesh', 'qwerty'),
('CB.EN.U4CSE20318', 'T Gnanesh', 'qwerty'),
('CB.EN.U4CSE20319', 'Gunda Venkata Sai Sarath Chandra', 'qwerty'),
('CB.EN.U4CSE20320', 'M Hariharan', 'qwerty'),
('CB.EN.U4CSE20321', 'Janga Sai Rishik', 'qwerty'),
('CB.EN.U4CSE20322', 'Jietthesh Balaji M', 'qwerty'),
('CB.EN.U4CSE20323', 'Kammara Sai Sreeram', 'qwerty'),
('CB.EN.U4CSE20324', 'Kanumilli Pavan Sai', 'qwerty'),
('CB.EN.U4CSE20327', 'Keshav S', 'qwerty'),
('CB.EN.U4CSE20328', 'Kishore Kumar V S', 'qwerty'),
('CB.EN.U4CSE20329', 'Kolli Ajay Paul', 'qwerty'),
('CB.EN.U4CSE20331', 'Kowshikraja T', 'qwerty'),
('CB.EN.U4CSE20332', 'Lakshana K', 'qwerty'),
('CB.EN.U4CSE20333', 'Lingareddy Rohith Prasad Reddy', 'qwerty'),
('CB.EN.U4CSE20334', 'Mahesh Madhav K', 'qwerty'),
('CB.EN.U4CSE20335', 'Mandapati Aditya Vardhan Reddy', 'qwerty'),
('CB.EN.U4CSE20336', 'Marrivada Akhil Ganesh', 'qwerty'),
('CB.EN.U4CSE20337', 'Meka Venkata Sai Tarun', 'qwerty'),
('CB.EN.U4CSE20338', 'Mruthun M', 'qwerty'),
('CB.EN.U4CSE20339', 'Nakshatra Sree Sreedhar', 'qwerty'),
('CB.EN.U4CSE20340', 'NANDURI JASWANTH', 'qwerty'),
('CB.EN.U4CSE20341', 'Neruturi Arthi Sri', 'qwerty'),
('CB.EN.U4CSE20342', 'Nithin K M', 'qwerty'),
('CB.EN.U4CSE20343', 'Nouduri Sreenivas', 'qwerty'),
('CB.EN.U4CSE20344', 'Payila Rama Praharsh', 'qwerty'),
('CB.EN.U4CSE20345', 'Potnuru Surya Ratna Abhiram Naidu', 'qwerty'),
('CB.EN.U4CSE20346', 'Pranav Deepak', 'qwerty'),
('CB.EN.U4CSE20347', 'Prathipati Sri Surya', 'qwerty'),
('CB.EN.U4CSE20348', 'Priyanka K', 'qwerty'),
('CB.EN.U4CSE20349', 'Raj Mota', 'qwerty'),
('CB.EN.U4CSE20350', 'Rishiikesh B', 'qwerty'),
('CB.EN.U4CSE20351', 'Saarang Sujeeth', 'qwerty'),
('CB.EN.U4CSE20352', 'Sai Sidharth Sriram', 'qwerty'),
('CB.EN.U4CSE20353', 'Sakthi Vikkraman R', 'qwerty'),
('CB.EN.U4CSE20354', 'Sanjay Balaji P', 'qwerty'),
('CB.EN.U4CSE20355', 'Sanjith Raghav S', 'qwerty'),
('CB.EN.U4CSE20356', 'Sarvesh P', 'qwerty'),
('CB.EN.U4CSE20357', 'Shailesh M', 'qwerty'),
('CB.EN.U4CSE20358', 'Sherwin Akshay J G', 'qwerty'),
('CB.EN.U4CSE20359', 'Shriyah SK', 'qwerty'),
('CB.EN.U4CSE20360', 'Sidharth T Ajayakumar', 'qwerty'),
('CB.EN.U4CSE20361', 'Sompalli Bhargava Satya Manikumar', 'qwerty'),
('CB.EN.U4CSE20362', 'Srinithi R', 'qwerty'),
('CB.EN.U4CSE20363', 'Sujith Roshan N', 'qwerty'),
('CB.EN.U4CSE20364', 'Gonuguntla Surya', 'qwerty'),
('CB.EN.U4CSE20365', 'Tarun Rajkumar', 'qwerty'),
('CB.EN.U4CSE20366', 'Tejesh Kumar S', 'qwerty'),
('CB.EN.U4CSE20367', 'Y Tina Choudary', 'qwerty'),
('CB.EN.U4CSE20368', 'Uvan Shankar S J', 'qwerty'),
('CB.EN.U4CSE20369', 'Vanacharla Venkata Satya Priya', 'qwerty'),
('CB.EN.U4CSE20370', 'Venigalla Siva Srinivas', 'qwerty'),
('CB.EN.U4CSE20371', 'Vishnu R', 'qwerty'),
('CB.EN.U4CSE20401', 'Abhirup Paul', 'qwerty'),
('CB.EN.U4CSE20402', 'Abishek M', 'qwerty'),
('CB.EN.U4CSE20403', 'S Adithya', 'qwerty'),
('CB.EN.U4CSE20404', 'T S Aishwarya', 'qwerty'),
('CB.EN.U4CSE20405', 'Akash R Prabhu', 'qwerty'),
('CB.EN.U4CSE20406', 'Ala Datta Sai Kumar', 'qwerty'),
('CB.EN.U4CSE20407', 'Archana Ganapathy', 'qwerty'),
('CB.EN.U4CSE20408', 'Banda Charith Sai', 'qwerty'),
('CB.EN.U4CSE20410', 'Bhyravarapu Nanda Gopal', 'qwerty'),
('CB.EN.U4CSE20411', 'Byrapu Reddy Sahithi', 'qwerty'),
('CB.EN.U4CSE20412', 'Chavva Manoj', 'qwerty'),
('CB.EN.U4CSE20413', 'Chinthakunta Gowthami Reddy', 'qwerty'),
('CB.EN.U4CSE20414', 'Dasari Harshavardhan Reddy', 'qwerty'),
('CB.EN.U4CSE20415', 'Devaganga V V', 'qwerty'),
('CB.EN.U4CSE20416', 'Dharmavarapu Yasaswini', 'qwerty'),
('CB.EN.U4CSE20417', 'Dienash S', 'qwerty'),
('CB.EN.U4CSE20418', 'Duvvuri Ananya', 'qwerty'),
('CB.EN.U4CSE20419', 'Ganapathi Gundapaneni', 'qwerty'),
('CB.EN.U4CSE20420', 'Gokul S', 'qwerty'),
('CB.EN.U4CSE20421', 'Guru Prasad K S', 'qwerty'),
('CB.EN.U4CSE20422', 'Harini S', 'qwerty'),
('CB.EN.U4CSE20423', 'Harriesh R A', 'qwerty'),
('CB.EN.U4CSE20424', 'Jagadeeshvaran M', 'qwerty'),
('CB.EN.U4CSE20425', 'Jayandar S', 'qwerty'),
('CB.EN.U4CSE20426', 'Kaarthik R', 'qwerty'),
('CB.EN.U4CSE20427', 'Kanakam Harika', 'qwerty'),
('CB.EN.U4CSE20428', 'Karishma R S', 'qwerty'),
('CB.EN.U4CSE20429', 'Karthikeyan P', 'qwerty'),
('CB.EN.U4CSE20430', 'Kilarapu Reethikanjali', 'qwerty'),
('CB.EN.U4CSE20431', 'Kishore S', 'qwerty'),
('CB.EN.U4CSE20432', 'Kolluri Venkata Sravani', 'qwerty'),
('CB.EN.U4CSE20433', 'Kripa Sreyas M', 'qwerty'),
('CB.EN.U4CSE20434', 'Lakshana S', 'qwerty'),
('CB.EN.U4CSE20435', 'Logeswaran S R', 'qwerty'),
('CB.EN.U4CSE20436', 'Maheshvar J P', 'qwerty'),
('CB.EN.U4CSE20437', 'Manish S', 'qwerty'),
('CB.EN.U4CSE20438', 'Matam Preethi', 'qwerty'),
('CB.EN.U4CSE20439', 'Mendu Mohana Shanmukha Sesha Sai', 'qwerty'),
('CB.EN.U4CSE20440', 'Muhilvarshan M', 'qwerty'),
('CB.EN.U4CSE20441', 'Nalla Sai Charith', 'qwerty'),
('CB.EN.U4CSE20442', 'Narayanareddy Ruthvik Reddy', 'qwerty'),
('CB.EN.U4CSE20443', 'Nirupamashree M A', 'qwerty'),
('CB.EN.U4CSE20444', 'Nithin Krishna Chakka', 'qwerty'),
('CB.EN.U4CSE20445', 'Nukala Venkata Sai Krishna Akhilesh', 'qwerty'),
('CB.EN.U4CSE20446', 'Pendyala Prabhas', 'qwerty'),
('CB.EN.U4CSE20447', 'Pradeep Karthik M', 'qwerty'),
('CB.EN.U4CSE20448', 'Pranav J', 'qwerty'),
('CB.EN.U4CSE20449', 'M Praveen Kumar', 'qwerty'),
('CB.EN.U4CSE20450', 'Pusarla Tarun Vamsi', 'qwerty'),
('CB.EN.U4CSE20451', 'Ravipati Venkata Balaji', 'qwerty'),
('CB.EN.U4CSE20452', 'Rithuh Subhakkrith S', 'qwerty'),
('CB.EN.U4CSE20453', 'Sadhana G M', 'qwerty'),
('CB.EN.U4CSE20454', 'V R Sai Sujan Kandukuri', 'qwerty'),
('CB.EN.U4CSE20455', 'B Samyukth', 'qwerty'),
('CB.EN.U4CSE20456', 'Sanjay K', 'qwerty'),
('CB.EN.U4CSE20457', 'Sarah Michelle H', 'qwerty'),
('CB.EN.U4CSE20458', 'Sasidharan G S', 'qwerty'),
('CB.EN.U4CSE20459', 'Shakthivel K', 'qwerty'),
('CB.EN.U4CSE20460', 'Shivaramakrishnan S S', 'qwerty'),
('CB.EN.U4CSE20461', 'Shruti Bala S', 'qwerty'),
('CB.EN.U4CSE20462', 'Sivabalamurugan M', 'qwerty'),
('CB.EN.U4CSE20463', 'Sraya Rajan', 'qwerty'),
('CB.EN.U4CSE20464', 'Sri Bhuvana Pathaneni', 'qwerty'),
('CB.EN.U4CSE20465', 'Srinivasa Vinayak M', 'qwerty'),
('CB.EN.U4CSE20466', 'T Subhash Gupta', 'qwerty'),
('CB.EN.U4CSE20467', 'S Surya', 'qwerty'),
('CB.EN.U4CSE20468', 'R C Tharan', 'qwerty'),
('CB.EN.U4CSE20469', 'R Triambak', 'qwerty'),
('CB.EN.U4CSE20470', 'Vaibav Krishna S', 'qwerty'),
('CB.EN.U4CSE20471', 'Varnika Ramkumar', 'qwerty'),
('CB.EN.U4CSE20601', 'Abishek M', 'qwerty'),
('CB.EN.U4CSE20602', 'Ajay Thayaananth P', 'qwerty'),
('CB.EN.U4CSE20603', 'Alety Deepthi Reddy', 'qwerty'),
('CB.EN.U4CSE20604', 'Ardra Vinod', 'qwerty'),
('CB.EN.U4CSE20606', 'Ayyagari Sai Anish', 'qwerty'),
('CB.EN.U4CSE20607', 'Bandaru Venkata Satya Sai Charan Kumar', 'qwerty'),
('CB.EN.U4CSE20608', 'Bijjala Lohith Chandra', 'qwerty'),
('CB.EN.U4CSE20609', 'Challagulla Ritesh Krishna Chowdary', 'qwerty'),
('CB.EN.U4CSE20610', 'Cherukula Jeyanandan', 'qwerty'),
('CB.EN.U4CSE20611', 'Chowta Yashasvi', 'qwerty'),
('CB.EN.U4CSE20612', 'Chullimadam Ganesan Anjali', 'qwerty'),
('CB.EN.U4CSE20613', 'Deebakkarthi C R', 'qwerty'),
('CB.EN.U4CSE20614', 'Devaraja G', 'qwerty'),
('CB.EN.U4CSE20615', 'Dharshita R', 'qwerty'),
('CB.EN.U4CSE20616', 'Dineshsuriya D', 'qwerty'),
('CB.EN.U4CSE20617', 'Elambharathi P T', 'qwerty'),
('CB.EN.U4CSE20618', 'Garapati Saroj Kowshik', 'qwerty'),
('CB.EN.U4CSE20619', 'Guru Venkat R', 'qwerty'),
('CB.EN.U4CSE20620', 'Haripraanesh M C', 'qwerty'),
('CB.EN.U4CSE20621', 'G Harshavardhan Tadikonda', 'qwerty'),
('CB.EN.U4CSE20622', 'Jai Kishoore R', 'qwerty'),
('CB.EN.U4CSE20623', 'Jayanth Menon S', 'qwerty'),
('CB.EN.U4CSE20624', 'Kabilan N', 'qwerty'),
('CB.EN.U4CSE20625', 'Kanapareddy Bharath Kumar', 'qwerty'),
('CB.EN.U4CSE20626', 'Karishram B', 'qwerty'),
('CB.EN.U4CSE20627', 'S M Karthikeyan', 'qwerty'),
('CB.EN.U4CSE20628', 'Kavin Prabakaran K', 'qwerty'),
('CB.EN.U4CSE20629', 'Kavya S', 'qwerty'),
('CB.EN.U4CSE20630', 'Kishore V', 'qwerty'),
('CB.EN.U4CSE20631', 'Kommula S S S Sree Rama Serath Chandra', 'qwerty'),
('CB.EN.U4CSE20632', 'Kothamasu Ganga Abhirup', 'qwerty'),
('CB.EN.U4CSE20633', 'Krisha Vardhni', 'qwerty'),
('CB.EN.U4CSE20634', 'R Lakshya', 'qwerty'),
('CB.EN.U4CSE20635', 'Logkesh M', 'qwerty'),
('CB.EN.U4CSE20636', 'Malavika Vinodkumar', 'qwerty'),
('CB.EN.U4CSE20637', 'Manne Satyanarayana', 'qwerty'),
('CB.EN.U4CSE20638', 'S V Mayurpranav', 'qwerty'),
('CB.EN.U4CSE20639', 'Mukkanti Venkata Sai Karthik', 'qwerty'),
('CB.EN.U4CSE20640', 'Nallabantu Sri Charan', 'qwerty'),
('CB.EN.U4CSE20641', 'Narayanasamy Govindarajan Karthikeyan', 'qwerty'),
('CB.EN.U4CSE20642', 'Nishaanth K N', 'qwerty'),
('CB.EN.U4CSE20643', 'Nithin Kumar S', 'qwerty'),
('CB.EN.U4CSE20644', 'Suchal Paladugu', 'qwerty'),
('CB.EN.U4CSE20645', 'Poda Roshini', 'qwerty'),
('CB.EN.U4CSE20646', 'Pradeep P', 'qwerty'),
('CB.EN.U4CSE20647', 'B Pranav Kumar', 'qwerty'),
('CB.EN.U4CSE20648', 'S S Pravin Sabari Bala', 'qwerty'),
('CB.EN.U4CSE20649', 'Putta Jyothsna', 'qwerty'),
('CB.EN.U4CSE20650', 'Rajkumar Muralikrishnan', 'qwerty'),
('CB.EN.U4CSE20651', 'Ravneet Singh', 'qwerty'),
('CB.EN.U4CSE20652', 'Sai Ganesh J R', 'qwerty'),
('CB.EN.U4CSE20653', 'Sangireddy Sainath Reddy', 'qwerty'),
('CB.EN.U4CSE20654', 'Sathi Lakshmi Priyatha Reddy', 'qwerty'),
('CB.EN.U4CSE20655', 'Shanjaikumar V M', 'qwerty'),
('CB.EN.U4CSE20656', 'Shankara Narayanan V', 'qwerty'),
('CB.EN.U4CSE20657', 'Shivesh S', 'qwerty'),
('CB.EN.U4CSE20659', 'Sneha Varsha M', 'qwerty'),
('CB.EN.U4CSE20660', 'A V Sree Keerthi', 'qwerty'),
('CB.EN.U4CSE20661', 'Sri Haari S', 'qwerty'),
('CB.EN.U4CSE20662', 'Sriram R', 'qwerty'),
('CB.EN.U4CSE20663', 'Sudharsan G', 'qwerty'),
('CB.EN.U4CSE20664', 'Surendran G N', 'qwerty'),
('CB.EN.U4CSE20665', 'Syed Ashfaq Ahmed', 'qwerty'),
('CB.EN.U4CSE20666', 'Tarun Ramaswamy', 'qwerty'),
('CB.EN.U4CSE20667', 'Uday Kumar Pannuru', 'qwerty'),
('CB.EN.U4CSE20668', 'Vaidehi Sridhar', 'qwerty'),
('CB.EN.U4CSE20669', 'Varun A K', 'qwerty'),
('CB.EN.U4CSE20671', 'Vuppala Sanjay', 'qwerty');

-- --------------------------------------------------------

--
-- Table structure for table `student_attendance`
--

CREATE TABLE `student_attendance` (
  `roll_no` varchar(16) NOT NULL,
  `course_id` varchar(40) NOT NULL,
  `date_time` varchar(40) NOT NULL,
  `status` varchar(10) NOT NULL DEFAULT 'Absent'
) ENGINE=InnoDB DEFAULT CHARSET=utf8mb4 COLLATE=utf8mb4_general_ci;

--
-- Dumping data for table `student_attendance`
--

INSERT INTO `student_attendance` (`roll_no`, `course_id`, `date_time`, `status`) VALUES
('CB.EN.U4CSE20201', 'B.Tech..2020.R.CSE.3.19CSE311', '2023-05-13 23:12:08', 'Present'),
('CB.EN.U4CSE20201', 'B.Tech..2020.R.CSE.3.19CSE311', '2023-05-13 23:15:24', 'Present'),
('CB.EN.U4CSE20201', 'B.Tech..2020.R.CSE.3.19CSE311', '2023-05-26 23:44:58', 'Present'),
('CB.EN.U4CSE20201', 'B.Tech..2020.R.CSE.3.19CSE312', '2023-05-13 23:15:52', 'Present'),
('CB.EN.U4CSE20201', 'B.Tech..2020.R.CSE.3.19CSE312', '2023-05-13 23:16:01', 'Present'),
('CB.EN.U4CSE20201', 'B.Tech..2020.R.CSE.3.19CSE312', '2023-05-13 23:16:22', 'Present'),
('CB.EN.U4CSE20201', 'B.Tech..2020.R.CSE.3.19CSE313', '2023-05-13 23:16:48', 'Present'),
('CB.EN.U4CSE20201', 'B.Tech..2020.R.CSE.3.19CSE313', '2023-05-13 23:16:56', 'Present'),
('CB.EN.U4CSE20201', 'B.Tech..2020.R.CSE.3.19CSE313', '2023-05-13 23:17:07', 'Present'),
('CB.EN.U4CSE20201', 'B.Tech..2020.R.CSE.3.19CSE313', '2023-05-25 21:10:29', 'Present'),
('CB.EN.U4CSE20201', 'B.Tech..2020.R.CSE.3.19CSE314', '2023-05-01 07:08:07', 'Present'),
('CB.EN.U4CSE20201', 'B.Tech..2020.R.CSE.3.19CSE314', '2023-05-10 10:42:19', 'Present'),
('CB.EN.U4CSE20201', 'B.Tech..2020.R.CSE.3.19CSE314', '2023-05-10 15:18:07', 'Present'),
('CB.EN.U4CSE20201', 'B.Tech..2020.R.CSE.3.19CSE314', '2023-05-11 00:08:23', 'Absent'),
('CB.EN.U4CSE20201', 'B.Tech..2020.R.CSE.3.19CSE314', '2023-06-14 22:49:28', 'Absent'),
('CB.EN.U4CSE20201', 'B.Tech..2020.R.CSE.3.19CSE314', '2023-06-16 23:01:24', 'Absent'),
('CB.EN.U4CSE20202', 'B.Tech..2020.R.CSE.3.19CSE311', '2023-05-13 23:12:08', 'Present'),
('CB.EN.U4CSE20202', 'B.Tech..2020.R.CSE.3.19CSE311', '2023-05-13 23:15:24', 'Present'),
('CB.EN.U4CSE20202', 'B.Tech..2020.R.CSE.3.19CSE311', '2023-05-26 23:44:58', 'Absent'),
('CB.EN.U4CSE20202', 'B.Tech..2020.R.CSE.3.19CSE312', '2023-05-13 23:15:52', 'Present'),
('CB.EN.U4CSE20202', 'B.Tech..2020.R.CSE.3.19CSE312', '2023-05-13 23:16:01', 'Present'),
('CB.EN.U4CSE20202', 'B.Tech..2020.R.CSE.3.19CSE312', '2023-05-13 23:16:22', 'Present'),
('CB.EN.U4CSE20202', 'B.Tech..2020.R.CSE.3.19CSE313', '2023-05-13 23:16:48', 'Present'),
('CB.EN.U4CSE20202', 'B.Tech..2020.R.CSE.3.19CSE313', '2023-05-13 23:16:56', 'Present'),
('CB.EN.U4CSE20202', 'B.Tech..2020.R.CSE.3.19CSE313', '2023-05-13 23:17:07', 'Present'),
('CB.EN.U4CSE20202', 'B.Tech..2020.R.CSE.3.19CSE313', '2023-05-25 21:10:29', 'Present'),
('CB.EN.U4CSE20202', 'B.Tech..2020.R.CSE.3.19CSE314', '2023-05-01 07:08:07', 'Absent'),
('CB.EN.U4CSE20202', 'B.Tech..2020.R.CSE.3.19CSE314', '2023-05-10 10:42:19', 'Present'),
('CB.EN.U4CSE20202', 'B.Tech..2020.R.CSE.3.19CSE314', '2023-05-10 15:18:07', 'Present'),
('CB.EN.U4CSE20202', 'B.Tech..2020.R.CSE.3.19CSE314', '2023-05-11 00:08:23', 'Present'),
('CB.EN.U4CSE20202', 'B.Tech..2020.R.CSE.3.19CSE314', '2023-06-14 22:49:28', 'Absent'),
('CB.EN.U4CSE20202', 'B.Tech..2020.R.CSE.3.19CSE314', '2023-06-16 23:01:24', 'Absent'),
('CB.EN.U4CSE20203', 'B.Tech..2020.R.CSE.3.19CSE311', '2023-05-13 23:12:08', 'Present'),
('CB.EN.U4CSE20203', 'B.Tech..2020.R.CSE.3.19CSE311', '2023-05-13 23:15:24', 'Present'),
('CB.EN.U4CSE20203', 'B.Tech..2020.R.CSE.3.19CSE311', '2023-05-26 23:44:58', 'Absent'),
('CB.EN.U4CSE20203', 'B.Tech..2020.R.CSE.3.19CSE312', '2023-05-13 23:15:52', 'Present'),
('CB.EN.U4CSE20203', 'B.Tech..2020.R.CSE.3.19CSE312', '2023-05-13 23:16:01', 'Present'),
('CB.EN.U4CSE20203', 'B.Tech..2020.R.CSE.3.19CSE312', '2023-05-13 23:16:22', 'Present'),
('CB.EN.U4CSE20203', 'B.Tech..2020.R.CSE.3.19CSE313', '2023-05-13 23:16:48', 'Present'),
('CB.EN.U4CSE20203', 'B.Tech..2020.R.CSE.3.19CSE313', '2023-05-13 23:16:56', 'Present'),
('CB.EN.U4CSE20203', 'B.Tech..2020.R.CSE.3.19CSE313', '2023-05-13 23:17:07', 'Present'),
('CB.EN.U4CSE20203', 'B.Tech..2020.R.CSE.3.19CSE313', '2023-05-25 21:10:29', 'Present'),
('CB.EN.U4CSE20203', 'B.Tech..2020.R.CSE.3.19CSE314', '2023-05-01 07:08:07', 'Present'),
('CB.EN.U4CSE20203', 'B.Tech..2020.R.CSE.3.19CSE314', '2023-05-10 10:42:19', 'Absent'),
('CB.EN.U4CSE20203', 'B.Tech..2020.R.CSE.3.19CSE314', '2023-05-10 15:18:07', 'Present'),
('CB.EN.U4CSE20203', 'B.Tech..2020.R.CSE.3.19CSE314', '2023-05-11 00:08:23', 'Present'),
('CB.EN.U4CSE20203', 'B.Tech..2020.R.CSE.3.19CSE314', '2023-06-14 22:49:28', 'Absent'),
('CB.EN.U4CSE20203', 'B.Tech..2020.R.CSE.3.19CSE314', '2023-06-16 23:01:24', 'Absent'),
('CB.EN.U4CSE20204', 'B.Tech..2020.R.CSE.3.19CSE311', '2023-05-13 23:12:08', 'Present'),
('CB.EN.U4CSE20204', 'B.Tech..2020.R.CSE.3.19CSE311', '2023-05-13 23:15:24', 'Present'),
('CB.EN.U4CSE20204', 'B.Tech..2020.R.CSE.3.19CSE311', '2023-05-26 23:44:58', 'Absent'),
('CB.EN.U4CSE20204', 'B.Tech..2020.R.CSE.3.19CSE312', '2023-05-13 23:15:52', 'Present'),
('CB.EN.U4CSE20204', 'B.Tech..2020.R.CSE.3.19CSE312', '2023-05-13 23:16:01', 'Present'),
('CB.EN.U4CSE20204', 'B.Tech..2020.R.CSE.3.19CSE312', '2023-05-13 23:16:22', 'Present'),
('CB.EN.U4CSE20204', 'B.Tech..2020.R.CSE.3.19CSE313', '2023-05-13 23:16:48', 'Present'),
('CB.EN.U4CSE20204', 'B.Tech..2020.R.CSE.3.19CSE313', '2023-05-13 23:16:56', 'Present'),
('CB.EN.U4CSE20204', 'B.Tech..2020.R.CSE.3.19CSE313', '2023-05-13 23:17:07', 'Present'),
('CB.EN.U4CSE20204', 'B.Tech..2020.R.CSE.3.19CSE313', '2023-05-25 21:10:29', 'Present'),
('CB.EN.U4CSE20204', 'B.Tech..2020.R.CSE.3.19CSE314', '2023-05-01 07:08:07', 'Present'),
('CB.EN.U4CSE20204', 'B.Tech..2020.R.CSE.3.19CSE314', '2023-05-10 10:42:19', 'Present'),
('CB.EN.U4CSE20204', 'B.Tech..2020.R.CSE.3.19CSE314', '2023-05-10 15:18:07', 'Present'),
('CB.EN.U4CSE20204', 'B.Tech..2020.R.CSE.3.19CSE314', '2023-05-11 00:08:23', 'Present'),
('CB.EN.U4CSE20204', 'B.Tech..2020.R.CSE.3.19CSE314', '2023-06-14 22:49:28', 'Absent'),
('CB.EN.U4CSE20204', 'B.Tech..2020.R.CSE.3.19CSE314', '2023-06-16 23:01:24', 'Absent'),
('CB.EN.U4CSE20205', 'B.Tech..2020.R.CSE.3.19CSE311', '2023-05-13 23:12:08', 'Present'),
('CB.EN.U4CSE20205', 'B.Tech..2020.R.CSE.3.19CSE311', '2023-05-13 23:15:24', 'Present'),
('CB.EN.U4CSE20205', 'B.Tech..2020.R.CSE.3.19CSE311', '2023-05-26 23:44:58', 'Absent'),
('CB.EN.U4CSE20205', 'B.Tech..2020.R.CSE.3.19CSE312', '2023-05-13 23:15:52', 'Present'),
('CB.EN.U4CSE20205', 'B.Tech..2020.R.CSE.3.19CSE312', '2023-05-13 23:16:01', 'Present'),
('CB.EN.U4CSE20205', 'B.Tech..2020.R.CSE.3.19CSE312', '2023-05-13 23:16:22', 'Present'),
('CB.EN.U4CSE20205', 'B.Tech..2020.R.CSE.3.19CSE313', '2023-05-13 23:16:48', 'Present'),
('CB.EN.U4CSE20205', 'B.Tech..2020.R.CSE.3.19CSE313', '2023-05-13 23:16:56', 'Present'),
('CB.EN.U4CSE20205', 'B.Tech..2020.R.CSE.3.19CSE313', '2023-05-13 23:17:07', 'Present'),
('CB.EN.U4CSE20205', 'B.Tech..2020.R.CSE.3.19CSE313', '2023-05-25 21:10:29', 'Present'),
('CB.EN.U4CSE20205', 'B.Tech..2020.R.CSE.3.19CSE314', '2023-05-01 07:08:07', 'Absent'),
('CB.EN.U4CSE20205', 'B.Tech..2020.R.CSE.3.19CSE314', '2023-05-10 10:42:19', 'Present'),
('CB.EN.U4CSE20205', 'B.Tech..2020.R.CSE.3.19CSE314', '2023-05-10 15:18:07', 'Present'),
('CB.EN.U4CSE20205', 'B.Tech..2020.R.CSE.3.19CSE314', '2023-05-11 00:08:23', 'Present'),
('CB.EN.U4CSE20205', 'B.Tech..2020.R.CSE.3.19CSE314', '2023-06-14 22:49:28', 'Absent'),
('CB.EN.U4CSE20205', 'B.Tech..2020.R.CSE.3.19CSE314', '2023-06-16 23:01:24', 'Absent'),
('CB.EN.U4CSE20206', 'B.Tech..2020.R.CSE.3.19CSE311', '2023-05-13 23:12:08', 'Present'),
('CB.EN.U4CSE20206', 'B.Tech..2020.R.CSE.3.19CSE311', '2023-05-13 23:15:24', 'Present'),
('CB.EN.U4CSE20206', 'B.Tech..2020.R.CSE.3.19CSE311', '2023-05-26 23:44:58', 'Absent'),
('CB.EN.U4CSE20206', 'B.Tech..2020.R.CSE.3.19CSE312', '2023-05-13 23:15:52', 'Present'),
('CB.EN.U4CSE20206', 'B.Tech..2020.R.CSE.3.19CSE312', '2023-05-13 23:16:01', 'Present'),
('CB.EN.U4CSE20206', 'B.Tech..2020.R.CSE.3.19CSE312', '2023-05-13 23:16:22', 'Present'),
('CB.EN.U4CSE20206', 'B.Tech..2020.R.CSE.3.19CSE313', '2023-05-13 23:16:48', 'Present'),
('CB.EN.U4CSE20206', 'B.Tech..2020.R.CSE.3.19CSE313', '2023-05-13 23:16:56', 'Present'),
('CB.EN.U4CSE20206', 'B.Tech..2020.R.CSE.3.19CSE313', '2023-05-13 23:17:07', 'Present'),
('CB.EN.U4CSE20206', 'B.Tech..2020.R.CSE.3.19CSE313', '2023-05-25 21:10:29', 'Present'),
('CB.EN.U4CSE20206', 'B.Tech..2020.R.CSE.3.19CSE314', '2023-05-01 07:08:07', 'Present'),
('CB.EN.U4CSE20206', 'B.Tech..2020.R.CSE.3.19CSE314', '2023-05-10 10:42:19', 'Present'),
('CB.EN.U4CSE20206', 'B.Tech..2020.R.CSE.3.19CSE314', '2023-05-10 15:18:07', 'Present'),
('CB.EN.U4CSE20206', 'B.Tech..2020.R.CSE.3.19CSE314', '2023-05-11 00:08:23', 'Present'),
('CB.EN.U4CSE20206', 'B.Tech..2020.R.CSE.3.19CSE314', '2023-06-14 22:49:28', 'Absent'),
('CB.EN.U4CSE20206', 'B.Tech..2020.R.CSE.3.19CSE314', '2023-06-16 23:01:24', 'Absent'),
('CB.EN.U4CSE20207', 'B.Tech..2020.R.CSE.3.19CSE311', '2023-05-13 23:12:08', 'Present'),
('CB.EN.U4CSE20207', 'B.Tech..2020.R.CSE.3.19CSE311', '2023-05-13 23:15:24', 'Present'),
('CB.EN.U4CSE20207', 'B.Tech..2020.R.CSE.3.19CSE311', '2023-05-26 23:44:58', 'Present'),
('CB.EN.U4CSE20207', 'B.Tech..2020.R.CSE.3.19CSE312', '2023-05-13 23:15:52', 'Present'),
('CB.EN.U4CSE20207', 'B.Tech..2020.R.CSE.3.19CSE312', '2023-05-13 23:16:01', 'Present'),
('CB.EN.U4CSE20207', 'B.Tech..2020.R.CSE.3.19CSE312', '2023-05-13 23:16:22', 'Present'),
('CB.EN.U4CSE20207', 'B.Tech..2020.R.CSE.3.19CSE313', '2023-05-13 23:16:48', 'Present'),
('CB.EN.U4CSE20207', 'B.Tech..2020.R.CSE.3.19CSE313', '2023-05-13 23:16:56', 'Present'),
('CB.EN.U4CSE20207', 'B.Tech..2020.R.CSE.3.19CSE313', '2023-05-13 23:17:07', 'Present'),
('CB.EN.U4CSE20207', 'B.Tech..2020.R.CSE.3.19CSE313', '2023-05-25 21:10:29', 'Present'),
('CB.EN.U4CSE20207', 'B.Tech..2020.R.CSE.3.19CSE314', '2023-05-01 07:08:07', 'Present'),
('CB.EN.U4CSE20207', 'B.Tech..2020.R.CSE.3.19CSE314', '2023-05-10 10:42:19', 'Absent'),
('CB.EN.U4CSE20207', 'B.Tech..2020.R.CSE.3.19CSE314', '2023-05-10 15:18:07', 'Absent'),
('CB.EN.U4CSE20207', 'B.Tech..2020.R.CSE.3.19CSE314', '2023-05-11 00:08:23', 'Present'),
('CB.EN.U4CSE20207', 'B.Tech..2020.R.CSE.3.19CSE314', '2023-06-14 22:49:28', 'Absent'),
('CB.EN.U4CSE20207', 'B.Tech..2020.R.CSE.3.19CSE314', '2023-06-16 23:01:24', 'Absent'),
('CB.EN.U4CSE20208', 'B.Tech..2020.R.CSE.3.19CSE311', '2023-05-13 23:12:08', 'Present'),
('CB.EN.U4CSE20208', 'B.Tech..2020.R.CSE.3.19CSE311', '2023-05-13 23:15:24', 'Present'),
('CB.EN.U4CSE20208', 'B.Tech..2020.R.CSE.3.19CSE311', '2023-05-26 23:44:58', 'Absent'),
('CB.EN.U4CSE20208', 'B.Tech..2020.R.CSE.3.19CSE312', '2023-05-13 23:15:52', 'Present'),
('CB.EN.U4CSE20208', 'B.Tech..2020.R.CSE.3.19CSE312', '2023-05-13 23:16:01', 'Present'),
('CB.EN.U4CSE20208', 'B.Tech..2020.R.CSE.3.19CSE312', '2023-05-13 23:16:22', 'Present'),
('CB.EN.U4CSE20208', 'B.Tech..2020.R.CSE.3.19CSE313', '2023-05-13 23:16:48', 'Present'),
('CB.EN.U4CSE20208', 'B.Tech..2020.R.CSE.3.19CSE313', '2023-05-13 23:16:56', 'Present'),
('CB.EN.U4CSE20208', 'B.Tech..2020.R.CSE.3.19CSE313', '2023-05-13 23:17:07', 'Present'),
('CB.EN.U4CSE20208', 'B.Tech..2020.R.CSE.3.19CSE313', '2023-05-25 21:10:29', 'Present'),
('CB.EN.U4CSE20208', 'B.Tech..2020.R.CSE.3.19CSE314', '2023-05-01 07:08:07', 'Present'),
('CB.EN.U4CSE20208', 'B.Tech..2020.R.CSE.3.19CSE314', '2023-05-10 10:42:19', 'Present'),
('CB.EN.U4CSE20208', 'B.Tech..2020.R.CSE.3.19CSE314', '2023-05-10 15:18:07', 'Present'),
('CB.EN.U4CSE20208', 'B.Tech..2020.R.CSE.3.19CSE314', '2023-05-11 00:08:23', 'Present'),
('CB.EN.U4CSE20208', 'B.Tech..2020.R.CSE.3.19CSE314', '2023-06-14 22:49:28', 'Absent'),
('CB.EN.U4CSE20208', 'B.Tech..2020.R.CSE.3.19CSE314', '2023-06-16 23:01:24', 'Absent'),
('CB.EN.U4CSE20209', 'B.Tech..2020.R.CSE.3.19CSE311', '2023-05-13 23:12:08', 'Present'),
('CB.EN.U4CSE20209', 'B.Tech..2020.R.CSE.3.19CSE311', '2023-05-13 23:15:24', 'Present'),
('CB.EN.U4CSE20209', 'B.Tech..2020.R.CSE.3.19CSE311', '2023-05-26 23:44:58', 'Absent'),
('CB.EN.U4CSE20209', 'B.Tech..2020.R.CSE.3.19CSE312', '2023-05-13 23:15:52', 'Present'),
('CB.EN.U4CSE20209', 'B.Tech..2020.R.CSE.3.19CSE312', '2023-05-13 23:16:01', 'Present'),
('CB.EN.U4CSE20209', 'B.Tech..2020.R.CSE.3.19CSE312', '2023-05-13 23:16:22', 'Present'),
('CB.EN.U4CSE20209', 'B.Tech..2020.R.CSE.3.19CSE313', '2023-05-13 23:16:48', 'Present'),
('CB.EN.U4CSE20209', 'B.Tech..2020.R.CSE.3.19CSE313', '2023-05-13 23:16:56', 'Present'),
('CB.EN.U4CSE20209', 'B.Tech..2020.R.CSE.3.19CSE313', '2023-05-13 23:17:07', 'Present'),
('CB.EN.U4CSE20209', 'B.Tech..2020.R.CSE.3.19CSE313', '2023-05-25 21:10:29', 'Present'),
('CB.EN.U4CSE20209', 'B.Tech..2020.R.CSE.3.19CSE314', '2023-05-01 07:08:07', 'Present'),
('CB.EN.U4CSE20209', 'B.Tech..2020.R.CSE.3.19CSE314', '2023-05-10 10:42:19', 'Present'),
('CB.EN.U4CSE20209', 'B.Tech..2020.R.CSE.3.19CSE314', '2023-05-10 15:18:07', 'Present'),
('CB.EN.U4CSE20209', 'B.Tech..2020.R.CSE.3.19CSE314', '2023-05-11 00:08:23', 'Present'),
('CB.EN.U4CSE20209', 'B.Tech..2020.R.CSE.3.19CSE314', '2023-06-14 22:49:28', 'Absent'),
('CB.EN.U4CSE20209', 'B.Tech..2020.R.CSE.3.19CSE314', '2023-06-16 23:01:24', 'Absent'),
('CB.EN.U4CSE20210', 'B.Tech..2020.R.CSE.3.19CSE311', '2023-05-13 23:12:08', 'Present'),
('CB.EN.U4CSE20210', 'B.Tech..2020.R.CSE.3.19CSE311', '2023-05-13 23:15:24', 'Present'),
('CB.EN.U4CSE20210', 'B.Tech..2020.R.CSE.3.19CSE311', '2023-05-26 23:44:58', 'Absent'),
('CB.EN.U4CSE20210', 'B.Tech..2020.R.CSE.3.19CSE312', '2023-05-13 23:15:52', 'Present'),
('CB.EN.U4CSE20210', 'B.Tech..2020.R.CSE.3.19CSE312', '2023-05-13 23:16:01', 'Present'),
('CB.EN.U4CSE20210', 'B.Tech..2020.R.CSE.3.19CSE312', '2023-05-13 23:16:22', 'Present'),
('CB.EN.U4CSE20210', 'B.Tech..2020.R.CSE.3.19CSE313', '2023-05-13 23:16:48', 'Present'),
('CB.EN.U4CSE20210', 'B.Tech..2020.R.CSE.3.19CSE313', '2023-05-13 23:16:56', 'Present'),
('CB.EN.U4CSE20210', 'B.Tech..2020.R.CSE.3.19CSE313', '2023-05-13 23:17:07', 'Present'),
('CB.EN.U4CSE20210', 'B.Tech..2020.R.CSE.3.19CSE313', '2023-05-25 21:10:29', 'Present'),
('CB.EN.U4CSE20210', 'B.Tech..2020.R.CSE.3.19CSE314', '2023-05-01 07:08:07', 'Present'),
('CB.EN.U4CSE20210', 'B.Tech..2020.R.CSE.3.19CSE314', '2023-05-10 10:42:19', 'Present'),
('CB.EN.U4CSE20210', 'B.Tech..2020.R.CSE.3.19CSE314', '2023-05-10 15:18:07', 'Present'),
('CB.EN.U4CSE20210', 'B.Tech..2020.R.CSE.3.19CSE314', '2023-05-11 00:08:23', 'Present'),
('CB.EN.U4CSE20210', 'B.Tech..2020.R.CSE.3.19CSE314', '2023-06-14 22:49:28', 'Absent'),
('CB.EN.U4CSE20210', 'B.Tech..2020.R.CSE.3.19CSE314', '2023-06-16 23:01:24', 'Absent'),
('CB.EN.U4CSE20211', 'B.Tech..2020.R.CSE.3.19CSE311', '2023-05-13 23:12:08', 'Present'),
('CB.EN.U4CSE20211', 'B.Tech..2020.R.CSE.3.19CSE311', '2023-05-13 23:15:24', 'Present'),
('CB.EN.U4CSE20211', 'B.Tech..2020.R.CSE.3.19CSE311', '2023-05-26 23:44:58', 'Absent'),
('CB.EN.U4CSE20211', 'B.Tech..2020.R.CSE.3.19CSE312', '2023-05-13 23:15:52', 'Present'),
('CB.EN.U4CSE20211', 'B.Tech..2020.R.CSE.3.19CSE312', '2023-05-13 23:16:01', 'Present'),
('CB.EN.U4CSE20211', 'B.Tech..2020.R.CSE.3.19CSE312', '2023-05-13 23:16:22', 'Present'),
('CB.EN.U4CSE20211', 'B.Tech..2020.R.CSE.3.19CSE313', '2023-05-13 23:16:48', 'Present'),
('CB.EN.U4CSE20211', 'B.Tech..2020.R.CSE.3.19CSE313', '2023-05-13 23:16:56', 'Present'),
('CB.EN.U4CSE20211', 'B.Tech..2020.R.CSE.3.19CSE313', '2023-05-13 23:17:07', 'Present'),
('CB.EN.U4CSE20211', 'B.Tech..2020.R.CSE.3.19CSE313', '2023-05-25 21:10:29', 'Present'),
('CB.EN.U4CSE20211', 'B.Tech..2020.R.CSE.3.19CSE314', '2023-05-01 07:08:07', 'Present'),
('CB.EN.U4CSE20211', 'B.Tech..2020.R.CSE.3.19CSE314', '2023-05-10 10:42:19', 'Present'),
('CB.EN.U4CSE20211', 'B.Tech..2020.R.CSE.3.19CSE314', '2023-05-10 15:18:07', 'Present'),
('CB.EN.U4CSE20211', 'B.Tech..2020.R.CSE.3.19CSE314', '2023-05-11 00:08:23', 'Present'),
('CB.EN.U4CSE20211', 'B.Tech..2020.R.CSE.3.19CSE314', '2023-06-14 22:49:28', 'Absent'),
('CB.EN.U4CSE20211', 'B.Tech..2020.R.CSE.3.19CSE314', '2023-06-16 23:01:24', 'Absent'),
('CB.EN.U4CSE20212', 'B.Tech..2020.R.CSE.3.19CSE311', '2023-05-13 23:12:08', 'Present'),
('CB.EN.U4CSE20212', 'B.Tech..2020.R.CSE.3.19CSE311', '2023-05-13 23:15:24', 'Present'),
('CB.EN.U4CSE20212', 'B.Tech..2020.R.CSE.3.19CSE311', '2023-05-26 23:44:58', 'Absent'),
('CB.EN.U4CSE20212', 'B.Tech..2020.R.CSE.3.19CSE312', '2023-05-13 23:15:52', 'Present'),
('CB.EN.U4CSE20212', 'B.Tech..2020.R.CSE.3.19CSE312', '2023-05-13 23:16:01', 'Present'),
('CB.EN.U4CSE20212', 'B.Tech..2020.R.CSE.3.19CSE312', '2023-05-13 23:16:22', 'Present'),
('CB.EN.U4CSE20212', 'B.Tech..2020.R.CSE.3.19CSE313', '2023-05-13 23:16:48', 'Present'),
('CB.EN.U4CSE20212', 'B.Tech..2020.R.CSE.3.19CSE313', '2023-05-13 23:16:56', 'Present'),
('CB.EN.U4CSE20212', 'B.Tech..2020.R.CSE.3.19CSE313', '2023-05-13 23:17:07', 'Present'),
('CB.EN.U4CSE20212', 'B.Tech..2020.R.CSE.3.19CSE313', '2023-05-25 21:10:29', 'Present'),
('CB.EN.U4CSE20212', 'B.Tech..2020.R.CSE.3.19CSE314', '2023-05-01 07:08:07', 'Present'),
('CB.EN.U4CSE20212', 'B.Tech..2020.R.CSE.3.19CSE314', '2023-05-10 10:42:19', 'Present'),
('CB.EN.U4CSE20212', 'B.Tech..2020.R.CSE.3.19CSE314', '2023-05-10 15:18:07', 'Present'),
('CB.EN.U4CSE20212', 'B.Tech..2020.R.CSE.3.19CSE314', '2023-05-11 00:08:23', 'Present'),
('CB.EN.U4CSE20212', 'B.Tech..2020.R.CSE.3.19CSE314', '2023-06-14 22:49:28', 'Absent'),
('CB.EN.U4CSE20212', 'B.Tech..2020.R.CSE.3.19CSE314', '2023-06-16 23:01:24', 'Absent'),
('CB.EN.U4CSE20213', 'B.Tech..2020.R.CSE.3.19CSE311', '2023-05-13 23:12:08', 'Present'),
('CB.EN.U4CSE20213', 'B.Tech..2020.R.CSE.3.19CSE311', '2023-05-13 23:15:24', 'Present'),
('CB.EN.U4CSE20213', 'B.Tech..2020.R.CSE.3.19CSE311', '2023-05-26 23:44:58', 'Absent'),
('CB.EN.U4CSE20213', 'B.Tech..2020.R.CSE.3.19CSE312', '2023-05-13 23:15:52', 'Present'),
('CB.EN.U4CSE20213', 'B.Tech..2020.R.CSE.3.19CSE312', '2023-05-13 23:16:01', 'Present'),
('CB.EN.U4CSE20213', 'B.Tech..2020.R.CSE.3.19CSE312', '2023-05-13 23:16:22', 'Present'),
('CB.EN.U4CSE20213', 'B.Tech..2020.R.CSE.3.19CSE313', '2023-05-13 23:16:48', 'Present'),
('CB.EN.U4CSE20213', 'B.Tech..2020.R.CSE.3.19CSE313', '2023-05-13 23:16:56', 'Present'),
('CB.EN.U4CSE20213', 'B.Tech..2020.R.CSE.3.19CSE313', '2023-05-13 23:17:07', 'Present'),
('CB.EN.U4CSE20213', 'B.Tech..2020.R.CSE.3.19CSE313', '2023-05-25 21:10:29', 'Present'),
('CB.EN.U4CSE20213', 'B.Tech..2020.R.CSE.3.19CSE314', '2023-05-01 07:08:07', 'Present'),
('CB.EN.U4CSE20213', 'B.Tech..2020.R.CSE.3.19CSE314', '2023-05-10 10:42:19', 'Absent'),
('CB.EN.U4CSE20213', 'B.Tech..2020.R.CSE.3.19CSE314', '2023-05-10 15:18:07', 'Present'),
('CB.EN.U4CSE20213', 'B.Tech..2020.R.CSE.3.19CSE314', '2023-05-11 00:08:23', 'Present'),
('CB.EN.U4CSE20213', 'B.Tech..2020.R.CSE.3.19CSE314', '2023-06-14 22:49:28', 'Absent'),
('CB.EN.U4CSE20213', 'B.Tech..2020.R.CSE.3.19CSE314', '2023-06-16 23:01:24', 'Absent'),
('CB.EN.U4CSE20214', 'B.Tech..2020.R.CSE.3.19CSE311', '2023-05-13 23:12:08', 'Present'),
('CB.EN.U4CSE20214', 'B.Tech..2020.R.CSE.3.19CSE311', '2023-05-13 23:15:24', 'Present'),
('CB.EN.U4CSE20214', 'B.Tech..2020.R.CSE.3.19CSE311', '2023-05-26 23:44:58', 'Absent'),
('CB.EN.U4CSE20214', 'B.Tech..2020.R.CSE.3.19CSE312', '2023-05-13 23:15:52', 'Present'),
('CB.EN.U4CSE20214', 'B.Tech..2020.R.CSE.3.19CSE312', '2023-05-13 23:16:01', 'Present'),
('CB.EN.U4CSE20214', 'B.Tech..2020.R.CSE.3.19CSE312', '2023-05-13 23:16:22', 'Present'),
('CB.EN.U4CSE20214', 'B.Tech..2020.R.CSE.3.19CSE313', '2023-05-13 23:16:48', 'Present'),
('CB.EN.U4CSE20214', 'B.Tech..2020.R.CSE.3.19CSE313', '2023-05-13 23:16:56', 'Present'),
('CB.EN.U4CSE20214', 'B.Tech..2020.R.CSE.3.19CSE313', '2023-05-13 23:17:07', 'Present'),
('CB.EN.U4CSE20214', 'B.Tech..2020.R.CSE.3.19CSE313', '2023-05-25 21:10:29', 'Present'),
('CB.EN.U4CSE20214', 'B.Tech..2020.R.CSE.3.19CSE314', '2023-05-01 07:08:07', 'Present'),
('CB.EN.U4CSE20214', 'B.Tech..2020.R.CSE.3.19CSE314', '2023-05-10 10:42:19', 'Present'),
('CB.EN.U4CSE20214', 'B.Tech..2020.R.CSE.3.19CSE314', '2023-05-10 15:18:07', 'Present'),
('CB.EN.U4CSE20214', 'B.Tech..2020.R.CSE.3.19CSE314', '2023-05-11 00:08:23', 'Present'),
('CB.EN.U4CSE20214', 'B.Tech..2020.R.CSE.3.19CSE314', '2023-06-14 22:49:28', 'Absent'),
('CB.EN.U4CSE20214', 'B.Tech..2020.R.CSE.3.19CSE314', '2023-06-16 23:01:24', 'Absent'),
('CB.EN.U4CSE20215', 'B.Tech..2020.R.CSE.3.19CSE311', '2023-05-13 23:12:08', 'Present'),
('CB.EN.U4CSE20215', 'B.Tech..2020.R.CSE.3.19CSE311', '2023-05-13 23:15:24', 'Present'),
('CB.EN.U4CSE20215', 'B.Tech..2020.R.CSE.3.19CSE311', '2023-05-26 23:44:58', 'Present'),
('CB.EN.U4CSE20215', 'B.Tech..2020.R.CSE.3.19CSE312', '2023-05-13 23:15:52', 'Present'),
('CB.EN.U4CSE20215', 'B.Tech..2020.R.CSE.3.19CSE312', '2023-05-13 23:16:01', 'Present'),
('CB.EN.U4CSE20215', 'B.Tech..2020.R.CSE.3.19CSE312', '2023-05-13 23:16:22', 'Present'),
('CB.EN.U4CSE20215', 'B.Tech..2020.R.CSE.3.19CSE313', '2023-05-13 23:16:48', 'Present'),
('CB.EN.U4CSE20215', 'B.Tech..2020.R.CSE.3.19CSE313', '2023-05-13 23:16:56', 'Present'),
('CB.EN.U4CSE20215', 'B.Tech..2020.R.CSE.3.19CSE313', '2023-05-13 23:17:07', 'Present'),
('CB.EN.U4CSE20215', 'B.Tech..2020.R.CSE.3.19CSE313', '2023-05-25 21:10:29', 'Present'),
('CB.EN.U4CSE20215', 'B.Tech..2020.R.CSE.3.19CSE314', '2023-05-01 07:08:07', 'Present'),
('CB.EN.U4CSE20215', 'B.Tech..2020.R.CSE.3.19CSE314', '2023-05-10 10:42:19', 'Present'),
('CB.EN.U4CSE20215', 'B.Tech..2020.R.CSE.3.19CSE314', '2023-05-10 15:18:07', 'Present'),
('CB.EN.U4CSE20215', 'B.Tech..2020.R.CSE.3.19CSE314', '2023-05-11 00:08:23', 'Present'),
('CB.EN.U4CSE20215', 'B.Tech..2020.R.CSE.3.19CSE314', '2023-06-14 22:49:28', 'Absent'),
('CB.EN.U4CSE20215', 'B.Tech..2020.R.CSE.3.19CSE314', '2023-06-16 23:01:24', 'Absent'),
('CB.EN.U4CSE20216', 'B.Tech..2020.R.CSE.3.19CSE311', '2023-05-13 23:12:08', 'Present'),
('CB.EN.U4CSE20216', 'B.Tech..2020.R.CSE.3.19CSE311', '2023-05-13 23:15:24', 'Present'),
('CB.EN.U4CSE20216', 'B.Tech..2020.R.CSE.3.19CSE311', '2023-05-26 23:44:58', 'Present'),
('CB.EN.U4CSE20216', 'B.Tech..2020.R.CSE.3.19CSE312', '2023-05-13 23:15:52', 'Present'),
('CB.EN.U4CSE20216', 'B.Tech..2020.R.CSE.3.19CSE312', '2023-05-13 23:16:01', 'Present'),
('CB.EN.U4CSE20216', 'B.Tech..2020.R.CSE.3.19CSE312', '2023-05-13 23:16:22', 'Present'),
('CB.EN.U4CSE20216', 'B.Tech..2020.R.CSE.3.19CSE313', '2023-05-13 23:16:48', 'Present'),
('CB.EN.U4CSE20216', 'B.Tech..2020.R.CSE.3.19CSE313', '2023-05-13 23:16:56', 'Present'),
('CB.EN.U4CSE20216', 'B.Tech..2020.R.CSE.3.19CSE313', '2023-05-13 23:17:07', 'Present'),
('CB.EN.U4CSE20216', 'B.Tech..2020.R.CSE.3.19CSE313', '2023-05-25 21:10:29', 'Present'),
('CB.EN.U4CSE20216', 'B.Tech..2020.R.CSE.3.19CSE314', '2023-05-01 07:08:07', 'Present'),
('CB.EN.U4CSE20216', 'B.Tech..2020.R.CSE.3.19CSE314', '2023-05-10 10:42:19', 'Present'),
('CB.EN.U4CSE20216', 'B.Tech..2020.R.CSE.3.19CSE314', '2023-05-10 15:18:07', 'Absent'),
('CB.EN.U4CSE20216', 'B.Tech..2020.R.CSE.3.19CSE314', '2023-05-11 00:08:23', 'Present'),
('CB.EN.U4CSE20216', 'B.Tech..2020.R.CSE.3.19CSE314', '2023-06-14 22:49:28', 'Present'),
('CB.EN.U4CSE20216', 'B.Tech..2020.R.CSE.3.19CSE314', '2023-06-16 23:01:24', 'Absent'),
('CB.EN.U4CSE20217', 'B.Tech..2020.R.CSE.3.19CSE311', '2023-05-13 23:12:08', 'Present'),
('CB.EN.U4CSE20217', 'B.Tech..2020.R.CSE.3.19CSE311', '2023-05-13 23:15:24', 'Present'),
('CB.EN.U4CSE20217', 'B.Tech..2020.R.CSE.3.19CSE311', '2023-05-26 23:44:58', 'Absent'),
('CB.EN.U4CSE20217', 'B.Tech..2020.R.CSE.3.19CSE312', '2023-05-13 23:15:52', 'Present'),
('CB.EN.U4CSE20217', 'B.Tech..2020.R.CSE.3.19CSE312', '2023-05-13 23:16:01', 'Present'),
('CB.EN.U4CSE20217', 'B.Tech..2020.R.CSE.3.19CSE312', '2023-05-13 23:16:22', 'Present'),
('CB.EN.U4CSE20217', 'B.Tech..2020.R.CSE.3.19CSE313', '2023-05-13 23:16:48', 'Present'),
('CB.EN.U4CSE20217', 'B.Tech..2020.R.CSE.3.19CSE313', '2023-05-13 23:16:56', 'Present'),
('CB.EN.U4CSE20217', 'B.Tech..2020.R.CSE.3.19CSE313', '2023-05-13 23:17:07', 'Present'),
('CB.EN.U4CSE20217', 'B.Tech..2020.R.CSE.3.19CSE313', '2023-05-25 21:10:29', 'Present'),
('CB.EN.U4CSE20217', 'B.Tech..2020.R.CSE.3.19CSE314', '2023-05-01 07:08:07', 'Present'),
('CB.EN.U4CSE20217', 'B.Tech..2020.R.CSE.3.19CSE314', '2023-05-10 10:42:19', 'Present'),
('CB.EN.U4CSE20217', 'B.Tech..2020.R.CSE.3.19CSE314', '2023-05-10 15:18:07', 'Present'),
('CB.EN.U4CSE20217', 'B.Tech..2020.R.CSE.3.19CSE314', '2023-05-11 00:08:23', 'Present'),
('CB.EN.U4CSE20217', 'B.Tech..2020.R.CSE.3.19CSE314', '2023-06-14 22:49:28', 'Absent'),
('CB.EN.U4CSE20217', 'B.Tech..2020.R.CSE.3.19CSE314', '2023-06-16 23:01:24', 'Absent'),
('CB.EN.U4CSE20218', 'B.Tech..2020.R.CSE.3.19CSE311', '2023-05-13 23:12:08', 'Present'),
('CB.EN.U4CSE20218', 'B.Tech..2020.R.CSE.3.19CSE311', '2023-05-13 23:15:24', 'Present'),
('CB.EN.U4CSE20218', 'B.Tech..2020.R.CSE.3.19CSE311', '2023-05-26 23:44:58', 'Absent'),
('CB.EN.U4CSE20218', 'B.Tech..2020.R.CSE.3.19CSE312', '2023-05-13 23:15:52', 'Present'),
('CB.EN.U4CSE20218', 'B.Tech..2020.R.CSE.3.19CSE312', '2023-05-13 23:16:01', 'Present'),
('CB.EN.U4CSE20218', 'B.Tech..2020.R.CSE.3.19CSE312', '2023-05-13 23:16:22', 'Present'),
('CB.EN.U4CSE20218', 'B.Tech..2020.R.CSE.3.19CSE313', '2023-05-13 23:16:48', 'Present'),
('CB.EN.U4CSE20218', 'B.Tech..2020.R.CSE.3.19CSE313', '2023-05-13 23:16:56', 'Present'),
('CB.EN.U4CSE20218', 'B.Tech..2020.R.CSE.3.19CSE313', '2023-05-13 23:17:07', 'Present'),
('CB.EN.U4CSE20218', 'B.Tech..2020.R.CSE.3.19CSE313', '2023-05-25 21:10:29', 'Present'),
('CB.EN.U4CSE20218', 'B.Tech..2020.R.CSE.3.19CSE314', '2023-05-01 07:08:07', 'Present'),
('CB.EN.U4CSE20218', 'B.Tech..2020.R.CSE.3.19CSE314', '2023-05-10 10:42:19', 'Present'),
('CB.EN.U4CSE20218', 'B.Tech..2020.R.CSE.3.19CSE314', '2023-05-10 15:18:07', 'Present'),
('CB.EN.U4CSE20218', 'B.Tech..2020.R.CSE.3.19CSE314', '2023-05-11 00:08:23', 'Present'),
('CB.EN.U4CSE20218', 'B.Tech..2020.R.CSE.3.19CSE314', '2023-06-14 22:49:28', 'Absent'),
('CB.EN.U4CSE20218', 'B.Tech..2020.R.CSE.3.19CSE314', '2023-06-16 23:01:24', 'Absent'),
('CB.EN.U4CSE20219', 'B.Tech..2020.R.CSE.3.19CSE311', '2023-05-13 23:12:08', 'Present'),
('CB.EN.U4CSE20219', 'B.Tech..2020.R.CSE.3.19CSE311', '2023-05-13 23:15:24', 'Present'),
('CB.EN.U4CSE20219', 'B.Tech..2020.R.CSE.3.19CSE311', '2023-05-26 23:44:58', 'Absent'),
('CB.EN.U4CSE20219', 'B.Tech..2020.R.CSE.3.19CSE312', '2023-05-13 23:15:52', 'Present'),
('CB.EN.U4CSE20219', 'B.Tech..2020.R.CSE.3.19CSE312', '2023-05-13 23:16:01', 'Present'),
('CB.EN.U4CSE20219', 'B.Tech..2020.R.CSE.3.19CSE312', '2023-05-13 23:16:22', 'Present'),
('CB.EN.U4CSE20219', 'B.Tech..2020.R.CSE.3.19CSE313', '2023-05-13 23:16:48', 'Present'),
('CB.EN.U4CSE20219', 'B.Tech..2020.R.CSE.3.19CSE313', '2023-05-13 23:16:56', 'Present'),
('CB.EN.U4CSE20219', 'B.Tech..2020.R.CSE.3.19CSE313', '2023-05-13 23:17:07', 'Present'),
('CB.EN.U4CSE20219', 'B.Tech..2020.R.CSE.3.19CSE313', '2023-05-25 21:10:29', 'Present'),
('CB.EN.U4CSE20219', 'B.Tech..2020.R.CSE.3.19CSE314', '2023-05-01 07:08:07', 'Present'),
('CB.EN.U4CSE20219', 'B.Tech..2020.R.CSE.3.19CSE314', '2023-05-10 10:42:19', 'Absent'),
('CB.EN.U4CSE20219', 'B.Tech..2020.R.CSE.3.19CSE314', '2023-05-10 15:18:07', 'Absent'),
('CB.EN.U4CSE20219', 'B.Tech..2020.R.CSE.3.19CSE314', '2023-05-11 00:08:23', 'Present'),
('CB.EN.U4CSE20219', 'B.Tech..2020.R.CSE.3.19CSE314', '2023-06-14 22:49:28', 'Absent'),
('CB.EN.U4CSE20219', 'B.Tech..2020.R.CSE.3.19CSE314', '2023-06-16 23:01:24', 'Absent'),
('CB.EN.U4CSE20220', 'B.Tech..2020.R.CSE.3.19CSE311', '2023-05-13 23:12:08', 'Present'),
('CB.EN.U4CSE20220', 'B.Tech..2020.R.CSE.3.19CSE311', '2023-05-13 23:15:24', 'Present'),
('CB.EN.U4CSE20220', 'B.Tech..2020.R.CSE.3.19CSE311', '2023-05-26 23:44:58', 'Absent'),
('CB.EN.U4CSE20220', 'B.Tech..2020.R.CSE.3.19CSE312', '2023-05-13 23:15:52', 'Present'),
('CB.EN.U4CSE20220', 'B.Tech..2020.R.CSE.3.19CSE312', '2023-05-13 23:16:01', 'Present'),
('CB.EN.U4CSE20220', 'B.Tech..2020.R.CSE.3.19CSE312', '2023-05-13 23:16:22', 'Present'),
('CB.EN.U4CSE20220', 'B.Tech..2020.R.CSE.3.19CSE313', '2023-05-13 23:16:48', 'Present'),
('CB.EN.U4CSE20220', 'B.Tech..2020.R.CSE.3.19CSE313', '2023-05-13 23:16:56', 'Present'),
('CB.EN.U4CSE20220', 'B.Tech..2020.R.CSE.3.19CSE313', '2023-05-13 23:17:07', 'Present'),
('CB.EN.U4CSE20220', 'B.Tech..2020.R.CSE.3.19CSE313', '2023-05-25 21:10:29', 'Present'),
('CB.EN.U4CSE20220', 'B.Tech..2020.R.CSE.3.19CSE314', '2023-05-01 07:08:07', 'Present'),
('CB.EN.U4CSE20220', 'B.Tech..2020.R.CSE.3.19CSE314', '2023-05-10 10:42:19', 'Present'),
('CB.EN.U4CSE20220', 'B.Tech..2020.R.CSE.3.19CSE314', '2023-05-10 15:18:07', 'Present'),
('CB.EN.U4CSE20220', 'B.Tech..2020.R.CSE.3.19CSE314', '2023-05-11 00:08:23', 'Present'),
('CB.EN.U4CSE20220', 'B.Tech..2020.R.CSE.3.19CSE314', '2023-06-14 22:49:28', 'Absent'),
('CB.EN.U4CSE20220', 'B.Tech..2020.R.CSE.3.19CSE314', '2023-06-16 23:01:24', 'Absent'),
('CB.EN.U4CSE20221', 'B.Tech..2020.R.CSE.3.19CSE311', '2023-05-13 23:12:08', 'Present'),
('CB.EN.U4CSE20221', 'B.Tech..2020.R.CSE.3.19CSE311', '2023-05-13 23:15:24', 'Present'),
('CB.EN.U4CSE20221', 'B.Tech..2020.R.CSE.3.19CSE311', '2023-05-26 23:44:58', 'Absent'),
('CB.EN.U4CSE20221', 'B.Tech..2020.R.CSE.3.19CSE312', '2023-05-13 23:15:52', 'Present'),
('CB.EN.U4CSE20221', 'B.Tech..2020.R.CSE.3.19CSE312', '2023-05-13 23:16:01', 'Present'),
('CB.EN.U4CSE20221', 'B.Tech..2020.R.CSE.3.19CSE312', '2023-05-13 23:16:22', 'Present'),
('CB.EN.U4CSE20221', 'B.Tech..2020.R.CSE.3.19CSE313', '2023-05-13 23:16:48', 'Present'),
('CB.EN.U4CSE20221', 'B.Tech..2020.R.CSE.3.19CSE313', '2023-05-13 23:16:56', 'Present'),
('CB.EN.U4CSE20221', 'B.Tech..2020.R.CSE.3.19CSE313', '2023-05-13 23:17:07', 'Present'),
('CB.EN.U4CSE20221', 'B.Tech..2020.R.CSE.3.19CSE313', '2023-05-25 21:10:29', 'Present'),
('CB.EN.U4CSE20221', 'B.Tech..2020.R.CSE.3.19CSE314', '2023-05-01 07:08:07', 'Present'),
('CB.EN.U4CSE20221', 'B.Tech..2020.R.CSE.3.19CSE314', '2023-05-10 10:42:19', 'Present'),
('CB.EN.U4CSE20221', 'B.Tech..2020.R.CSE.3.19CSE314', '2023-05-10 15:18:07', 'Present'),
('CB.EN.U4CSE20221', 'B.Tech..2020.R.CSE.3.19CSE314', '2023-05-11 00:08:23', 'Present'),
('CB.EN.U4CSE20221', 'B.Tech..2020.R.CSE.3.19CSE314', '2023-06-14 22:49:28', 'Absent'),
('CB.EN.U4CSE20221', 'B.Tech..2020.R.CSE.3.19CSE314', '2023-06-16 23:01:24', 'Absent'),
('CB.EN.U4CSE20222', 'B.Tech..2020.R.CSE.3.19CSE311', '2023-05-13 23:12:08', 'Present'),
('CB.EN.U4CSE20222', 'B.Tech..2020.R.CSE.3.19CSE311', '2023-05-13 23:15:24', 'Present'),
('CB.EN.U4CSE20222', 'B.Tech..2020.R.CSE.3.19CSE311', '2023-05-26 23:44:58', 'Absent'),
('CB.EN.U4CSE20222', 'B.Tech..2020.R.CSE.3.19CSE312', '2023-05-13 23:15:52', 'Present'),
('CB.EN.U4CSE20222', 'B.Tech..2020.R.CSE.3.19CSE312', '2023-05-13 23:16:01', 'Present'),
('CB.EN.U4CSE20222', 'B.Tech..2020.R.CSE.3.19CSE312', '2023-05-13 23:16:22', 'Present'),
('CB.EN.U4CSE20222', 'B.Tech..2020.R.CSE.3.19CSE313', '2023-05-13 23:16:48', 'Present'),
('CB.EN.U4CSE20222', 'B.Tech..2020.R.CSE.3.19CSE313', '2023-05-13 23:16:56', 'Present'),
('CB.EN.U4CSE20222', 'B.Tech..2020.R.CSE.3.19CSE313', '2023-05-13 23:17:07', 'Present'),
('CB.EN.U4CSE20222', 'B.Tech..2020.R.CSE.3.19CSE313', '2023-05-25 21:10:29', 'Present'),
('CB.EN.U4CSE20222', 'B.Tech..2020.R.CSE.3.19CSE314', '2023-05-01 07:08:07', 'Present'),
('CB.EN.U4CSE20222', 'B.Tech..2020.R.CSE.3.19CSE314', '2023-05-10 10:42:19', 'Present'),
('CB.EN.U4CSE20222', 'B.Tech..2020.R.CSE.3.19CSE314', '2023-05-10 15:18:07', 'Present'),
('CB.EN.U4CSE20222', 'B.Tech..2020.R.CSE.3.19CSE314', '2023-05-11 00:08:23', 'Present'),
('CB.EN.U4CSE20222', 'B.Tech..2020.R.CSE.3.19CSE314', '2023-06-14 22:49:28', 'Absent'),
('CB.EN.U4CSE20222', 'B.Tech..2020.R.CSE.3.19CSE314', '2023-06-16 23:01:24', 'Absent'),
('CB.EN.U4CSE20223', 'B.Tech..2020.R.CSE.3.19CSE311', '2023-05-13 23:12:08', 'Present'),
('CB.EN.U4CSE20223', 'B.Tech..2020.R.CSE.3.19CSE311', '2023-05-13 23:15:24', 'Present'),
('CB.EN.U4CSE20223', 'B.Tech..2020.R.CSE.3.19CSE311', '2023-05-26 23:44:58', 'Absent'),
('CB.EN.U4CSE20223', 'B.Tech..2020.R.CSE.3.19CSE312', '2023-05-13 23:15:52', 'Present'),
('CB.EN.U4CSE20223', 'B.Tech..2020.R.CSE.3.19CSE312', '2023-05-13 23:16:01', 'Present'),
('CB.EN.U4CSE20223', 'B.Tech..2020.R.CSE.3.19CSE312', '2023-05-13 23:16:22', 'Present'),
('CB.EN.U4CSE20223', 'B.Tech..2020.R.CSE.3.19CSE313', '2023-05-13 23:16:48', 'Present'),
('CB.EN.U4CSE20223', 'B.Tech..2020.R.CSE.3.19CSE313', '2023-05-13 23:16:56', 'Present'),
('CB.EN.U4CSE20223', 'B.Tech..2020.R.CSE.3.19CSE313', '2023-05-13 23:17:07', 'Present'),
('CB.EN.U4CSE20223', 'B.Tech..2020.R.CSE.3.19CSE313', '2023-05-25 21:10:29', 'Present'),
('CB.EN.U4CSE20223', 'B.Tech..2020.R.CSE.3.19CSE314', '2023-05-01 07:08:07', 'Present'),
('CB.EN.U4CSE20223', 'B.Tech..2020.R.CSE.3.19CSE314', '2023-05-10 10:42:19', 'Present'),
('CB.EN.U4CSE20223', 'B.Tech..2020.R.CSE.3.19CSE314', '2023-05-10 15:18:07', 'Present'),
('CB.EN.U4CSE20223', 'B.Tech..2020.R.CSE.3.19CSE314', '2023-05-11 00:08:23', 'Present'),
('CB.EN.U4CSE20223', 'B.Tech..2020.R.CSE.3.19CSE314', '2023-06-14 22:49:28', 'Absent'),
('CB.EN.U4CSE20223', 'B.Tech..2020.R.CSE.3.19CSE314', '2023-06-16 23:01:24', 'Absent'),
('CB.EN.U4CSE20224', 'B.Tech..2020.R.CSE.3.19CSE311', '2023-05-13 23:12:08', 'Present'),
('CB.EN.U4CSE20224', 'B.Tech..2020.R.CSE.3.19CSE311', '2023-05-13 23:15:24', 'Present'),
('CB.EN.U4CSE20224', 'B.Tech..2020.R.CSE.3.19CSE311', '2023-05-26 23:44:58', 'Absent'),
('CB.EN.U4CSE20224', 'B.Tech..2020.R.CSE.3.19CSE312', '2023-05-13 23:15:52', 'Present'),
('CB.EN.U4CSE20224', 'B.Tech..2020.R.CSE.3.19CSE312', '2023-05-13 23:16:01', 'Present'),
('CB.EN.U4CSE20224', 'B.Tech..2020.R.CSE.3.19CSE312', '2023-05-13 23:16:22', 'Present'),
('CB.EN.U4CSE20224', 'B.Tech..2020.R.CSE.3.19CSE313', '2023-05-13 23:16:48', 'Present'),
('CB.EN.U4CSE20224', 'B.Tech..2020.R.CSE.3.19CSE313', '2023-05-13 23:16:56', 'Present'),
('CB.EN.U4CSE20224', 'B.Tech..2020.R.CSE.3.19CSE313', '2023-05-13 23:17:07', 'Present'),
('CB.EN.U4CSE20224', 'B.Tech..2020.R.CSE.3.19CSE313', '2023-05-25 21:10:29', 'Present'),
('CB.EN.U4CSE20224', 'B.Tech..2020.R.CSE.3.19CSE314', '2023-05-01 07:08:07', 'Present'),
('CB.EN.U4CSE20224', 'B.Tech..2020.R.CSE.3.19CSE314', '2023-05-10 10:42:19', 'Present'),
('CB.EN.U4CSE20224', 'B.Tech..2020.R.CSE.3.19CSE314', '2023-05-10 15:18:07', 'Present'),
('CB.EN.U4CSE20224', 'B.Tech..2020.R.CSE.3.19CSE314', '2023-05-11 00:08:23', 'Present'),
('CB.EN.U4CSE20224', 'B.Tech..2020.R.CSE.3.19CSE314', '2023-06-14 22:49:28', 'Absent'),
('CB.EN.U4CSE20224', 'B.Tech..2020.R.CSE.3.19CSE314', '2023-06-16 23:01:24', 'Absent'),
('CB.EN.U4CSE20226', 'B.Tech..2020.R.CSE.3.19CSE311', '2023-05-13 23:12:08', 'Present'),
('CB.EN.U4CSE20226', 'B.Tech..2020.R.CSE.3.19CSE311', '2023-05-13 23:15:24', 'Present'),
('CB.EN.U4CSE20226', 'B.Tech..2020.R.CSE.3.19CSE311', '2023-05-26 23:44:58', 'Absent'),
('CB.EN.U4CSE20226', 'B.Tech..2020.R.CSE.3.19CSE312', '2023-05-13 23:15:52', 'Present'),
('CB.EN.U4CSE20226', 'B.Tech..2020.R.CSE.3.19CSE312', '2023-05-13 23:16:01', 'Present'),
('CB.EN.U4CSE20226', 'B.Tech..2020.R.CSE.3.19CSE312', '2023-05-13 23:16:22', 'Present'),
('CB.EN.U4CSE20226', 'B.Tech..2020.R.CSE.3.19CSE313', '2023-05-13 23:16:48', 'Present'),
('CB.EN.U4CSE20226', 'B.Tech..2020.R.CSE.3.19CSE313', '2023-05-13 23:16:56', 'Present'),
('CB.EN.U4CSE20226', 'B.Tech..2020.R.CSE.3.19CSE313', '2023-05-13 23:17:07', 'Present'),
('CB.EN.U4CSE20226', 'B.Tech..2020.R.CSE.3.19CSE313', '2023-05-25 21:10:29', 'Present'),
('CB.EN.U4CSE20226', 'B.Tech..2020.R.CSE.3.19CSE314', '2023-05-01 07:08:07', 'Present'),
('CB.EN.U4CSE20226', 'B.Tech..2020.R.CSE.3.19CSE314', '2023-05-10 10:42:19', 'Present'),
('CB.EN.U4CSE20226', 'B.Tech..2020.R.CSE.3.19CSE314', '2023-05-10 15:18:07', 'Present'),
('CB.EN.U4CSE20226', 'B.Tech..2020.R.CSE.3.19CSE314', '2023-05-11 00:08:23', 'Present'),
('CB.EN.U4CSE20226', 'B.Tech..2020.R.CSE.3.19CSE314', '2023-06-14 22:49:28', 'Absent'),
('CB.EN.U4CSE20226', 'B.Tech..2020.R.CSE.3.19CSE314', '2023-06-16 23:01:24', 'Absent'),
('CB.EN.U4CSE20227', 'B.Tech..2020.R.CSE.3.19CSE311', '2023-05-13 23:12:08', 'Present'),
('CB.EN.U4CSE20227', 'B.Tech..2020.R.CSE.3.19CSE311', '2023-05-13 23:15:24', 'Present'),
('CB.EN.U4CSE20227', 'B.Tech..2020.R.CSE.3.19CSE311', '2023-05-26 23:44:58', 'Absent'),
('CB.EN.U4CSE20227', 'B.Tech..2020.R.CSE.3.19CSE312', '2023-05-13 23:15:52', 'Present'),
('CB.EN.U4CSE20227', 'B.Tech..2020.R.CSE.3.19CSE312', '2023-05-13 23:16:01', 'Present'),
('CB.EN.U4CSE20227', 'B.Tech..2020.R.CSE.3.19CSE312', '2023-05-13 23:16:22', 'Present'),
('CB.EN.U4CSE20227', 'B.Tech..2020.R.CSE.3.19CSE313', '2023-05-13 23:16:48', 'Present'),
('CB.EN.U4CSE20227', 'B.Tech..2020.R.CSE.3.19CSE313', '2023-05-13 23:16:56', 'Present'),
('CB.EN.U4CSE20227', 'B.Tech..2020.R.CSE.3.19CSE313', '2023-05-13 23:17:07', 'Present'),
('CB.EN.U4CSE20227', 'B.Tech..2020.R.CSE.3.19CSE313', '2023-05-25 21:10:29', 'Present'),
('CB.EN.U4CSE20227', 'B.Tech..2020.R.CSE.3.19CSE314', '2023-05-01 07:08:07', 'Present'),
('CB.EN.U4CSE20227', 'B.Tech..2020.R.CSE.3.19CSE314', '2023-05-10 10:42:19', 'Present'),
('CB.EN.U4CSE20227', 'B.Tech..2020.R.CSE.3.19CSE314', '2023-05-10 15:18:07', 'Present'),
('CB.EN.U4CSE20227', 'B.Tech..2020.R.CSE.3.19CSE314', '2023-05-11 00:08:23', 'Present'),
('CB.EN.U4CSE20227', 'B.Tech..2020.R.CSE.3.19CSE314', '2023-06-14 22:49:28', 'Absent'),
('CB.EN.U4CSE20227', 'B.Tech..2020.R.CSE.3.19CSE314', '2023-06-16 23:01:24', 'Absent'),
('CB.EN.U4CSE20228', 'B.Tech..2020.R.CSE.3.19CSE311', '2023-05-13 23:12:08', 'Present'),
('CB.EN.U4CSE20228', 'B.Tech..2020.R.CSE.3.19CSE311', '2023-05-13 23:15:24', 'Present'),
('CB.EN.U4CSE20228', 'B.Tech..2020.R.CSE.3.19CSE311', '2023-05-26 23:44:58', 'Absent'),
('CB.EN.U4CSE20228', 'B.Tech..2020.R.CSE.3.19CSE312', '2023-05-13 23:15:52', 'Present'),
('CB.EN.U4CSE20228', 'B.Tech..2020.R.CSE.3.19CSE312', '2023-05-13 23:16:01', 'Present'),
('CB.EN.U4CSE20228', 'B.Tech..2020.R.CSE.3.19CSE312', '2023-05-13 23:16:22', 'Present'),
('CB.EN.U4CSE20228', 'B.Tech..2020.R.CSE.3.19CSE313', '2023-05-13 23:16:48', 'Present'),
('CB.EN.U4CSE20228', 'B.Tech..2020.R.CSE.3.19CSE313', '2023-05-13 23:16:56', 'Present'),
('CB.EN.U4CSE20228', 'B.Tech..2020.R.CSE.3.19CSE313', '2023-05-13 23:17:07', 'Present'),
('CB.EN.U4CSE20228', 'B.Tech..2020.R.CSE.3.19CSE313', '2023-05-25 21:10:29', 'Present'),
('CB.EN.U4CSE20228', 'B.Tech..2020.R.CSE.3.19CSE314', '2023-05-01 07:08:07', 'Present'),
('CB.EN.U4CSE20228', 'B.Tech..2020.R.CSE.3.19CSE314', '2023-05-10 10:42:19', 'Absent'),
('CB.EN.U4CSE20228', 'B.Tech..2020.R.CSE.3.19CSE314', '2023-05-10 15:18:07', 'Present'),
('CB.EN.U4CSE20228', 'B.Tech..2020.R.CSE.3.19CSE314', '2023-05-11 00:08:23', 'Present'),
('CB.EN.U4CSE20228', 'B.Tech..2020.R.CSE.3.19CSE314', '2023-06-14 22:49:28', 'Absent'),
('CB.EN.U4CSE20228', 'B.Tech..2020.R.CSE.3.19CSE314', '2023-06-16 23:01:24', 'Absent'),
('CB.EN.U4CSE20229', 'B.Tech..2020.R.CSE.3.19CSE311', '2023-05-13 23:12:08', 'Present'),
('CB.EN.U4CSE20229', 'B.Tech..2020.R.CSE.3.19CSE311', '2023-05-13 23:15:24', 'Present'),
('CB.EN.U4CSE20229', 'B.Tech..2020.R.CSE.3.19CSE311', '2023-05-26 23:44:58', 'Absent'),
('CB.EN.U4CSE20229', 'B.Tech..2020.R.CSE.3.19CSE312', '2023-05-13 23:15:52', 'Present'),
('CB.EN.U4CSE20229', 'B.Tech..2020.R.CSE.3.19CSE312', '2023-05-13 23:16:01', 'Present'),
('CB.EN.U4CSE20229', 'B.Tech..2020.R.CSE.3.19CSE312', '2023-05-13 23:16:22', 'Present'),
('CB.EN.U4CSE20229', 'B.Tech..2020.R.CSE.3.19CSE313', '2023-05-13 23:16:48', 'Present'),
('CB.EN.U4CSE20229', 'B.Tech..2020.R.CSE.3.19CSE313', '2023-05-13 23:16:56', 'Present'),
('CB.EN.U4CSE20229', 'B.Tech..2020.R.CSE.3.19CSE313', '2023-05-13 23:17:07', 'Present'),
('CB.EN.U4CSE20229', 'B.Tech..2020.R.CSE.3.19CSE313', '2023-05-25 21:10:29', 'Present'),
('CB.EN.U4CSE20229', 'B.Tech..2020.R.CSE.3.19CSE314', '2023-05-01 07:08:07', 'Present'),
('CB.EN.U4CSE20229', 'B.Tech..2020.R.CSE.3.19CSE314', '2023-05-10 10:42:19', 'Present'),
('CB.EN.U4CSE20229', 'B.Tech..2020.R.CSE.3.19CSE314', '2023-05-10 15:18:07', 'Present'),
('CB.EN.U4CSE20229', 'B.Tech..2020.R.CSE.3.19CSE314', '2023-05-11 00:08:23', 'Present'),
('CB.EN.U4CSE20229', 'B.Tech..2020.R.CSE.3.19CSE314', '2023-06-14 22:49:28', 'Absent'),
('CB.EN.U4CSE20229', 'B.Tech..2020.R.CSE.3.19CSE314', '2023-06-16 23:01:24', 'Absent'),
('CB.EN.U4CSE20230', 'B.Tech..2020.R.CSE.3.19CSE311', '2023-05-13 23:12:08', 'Present'),
('CB.EN.U4CSE20230', 'B.Tech..2020.R.CSE.3.19CSE311', '2023-05-13 23:15:24', 'Present'),
('CB.EN.U4CSE20230', 'B.Tech..2020.R.CSE.3.19CSE311', '2023-05-26 23:44:58', 'Absent'),
('CB.EN.U4CSE20230', 'B.Tech..2020.R.CSE.3.19CSE312', '2023-05-13 23:15:52', 'Present'),
('CB.EN.U4CSE20230', 'B.Tech..2020.R.CSE.3.19CSE312', '2023-05-13 23:16:01', 'Present'),
('CB.EN.U4CSE20230', 'B.Tech..2020.R.CSE.3.19CSE312', '2023-05-13 23:16:22', 'Present'),
('CB.EN.U4CSE20230', 'B.Tech..2020.R.CSE.3.19CSE313', '2023-05-13 23:16:48', 'Present'),
('CB.EN.U4CSE20230', 'B.Tech..2020.R.CSE.3.19CSE313', '2023-05-13 23:16:56', 'Present'),
('CB.EN.U4CSE20230', 'B.Tech..2020.R.CSE.3.19CSE313', '2023-05-13 23:17:07', 'Present'),
('CB.EN.U4CSE20230', 'B.Tech..2020.R.CSE.3.19CSE313', '2023-05-25 21:10:29', 'Present'),
('CB.EN.U4CSE20230', 'B.Tech..2020.R.CSE.3.19CSE314', '2023-05-01 07:08:07', 'Present'),
('CB.EN.U4CSE20230', 'B.Tech..2020.R.CSE.3.19CSE314', '2023-05-10 10:42:19', 'Present'),
('CB.EN.U4CSE20230', 'B.Tech..2020.R.CSE.3.19CSE314', '2023-05-10 15:18:07', 'Present'),
('CB.EN.U4CSE20230', 'B.Tech..2020.R.CSE.3.19CSE314', '2023-05-11 00:08:23', 'Present'),
('CB.EN.U4CSE20230', 'B.Tech..2020.R.CSE.3.19CSE314', '2023-06-14 22:49:28', 'Absent'),
('CB.EN.U4CSE20230', 'B.Tech..2020.R.CSE.3.19CSE314', '2023-06-16 23:01:24', 'Absent'),
('CB.EN.U4CSE20231', 'B.Tech..2020.R.CSE.3.19CSE311', '2023-05-13 23:12:08', 'Present'),
('CB.EN.U4CSE20231', 'B.Tech..2020.R.CSE.3.19CSE311', '2023-05-13 23:15:24', 'Present'),
('CB.EN.U4CSE20231', 'B.Tech..2020.R.CSE.3.19CSE311', '2023-05-26 23:44:58', 'Absent'),
('CB.EN.U4CSE20231', 'B.Tech..2020.R.CSE.3.19CSE312', '2023-05-13 23:15:52', 'Present'),
('CB.EN.U4CSE20231', 'B.Tech..2020.R.CSE.3.19CSE312', '2023-05-13 23:16:01', 'Present'),
('CB.EN.U4CSE20231', 'B.Tech..2020.R.CSE.3.19CSE312', '2023-05-13 23:16:22', 'Present'),
('CB.EN.U4CSE20231', 'B.Tech..2020.R.CSE.3.19CSE313', '2023-05-13 23:16:48', 'Present'),
('CB.EN.U4CSE20231', 'B.Tech..2020.R.CSE.3.19CSE313', '2023-05-13 23:16:56', 'Present'),
('CB.EN.U4CSE20231', 'B.Tech..2020.R.CSE.3.19CSE313', '2023-05-13 23:17:07', 'Present'),
('CB.EN.U4CSE20231', 'B.Tech..2020.R.CSE.3.19CSE313', '2023-05-25 21:10:29', 'Present'),
('CB.EN.U4CSE20231', 'B.Tech..2020.R.CSE.3.19CSE314', '2023-05-01 07:08:07', 'Present'),
('CB.EN.U4CSE20231', 'B.Tech..2020.R.CSE.3.19CSE314', '2023-05-10 10:42:19', 'Present'),
('CB.EN.U4CSE20231', 'B.Tech..2020.R.CSE.3.19CSE314', '2023-05-10 15:18:07', 'Present'),
('CB.EN.U4CSE20231', 'B.Tech..2020.R.CSE.3.19CSE314', '2023-05-11 00:08:23', 'Present'),
('CB.EN.U4CSE20231', 'B.Tech..2020.R.CSE.3.19CSE314', '2023-06-14 22:49:28', 'Absent'),
('CB.EN.U4CSE20231', 'B.Tech..2020.R.CSE.3.19CSE314', '2023-06-16 23:01:24', 'Absent'),
('CB.EN.U4CSE20232', 'B.Tech..2020.R.CSE.3.19CSE311', '2023-05-13 23:12:08', 'Present'),
('CB.EN.U4CSE20232', 'B.Tech..2020.R.CSE.3.19CSE311', '2023-05-13 23:15:24', 'Present'),
('CB.EN.U4CSE20232', 'B.Tech..2020.R.CSE.3.19CSE311', '2023-05-26 23:44:58', 'Present'),
('CB.EN.U4CSE20232', 'B.Tech..2020.R.CSE.3.19CSE312', '2023-05-13 23:15:52', 'Present'),
('CB.EN.U4CSE20232', 'B.Tech..2020.R.CSE.3.19CSE312', '2023-05-13 23:16:01', 'Present'),
('CB.EN.U4CSE20232', 'B.Tech..2020.R.CSE.3.19CSE312', '2023-05-13 23:16:22', 'Present'),
('CB.EN.U4CSE20232', 'B.Tech..2020.R.CSE.3.19CSE313', '2023-05-13 23:16:48', 'Present'),
('CB.EN.U4CSE20232', 'B.Tech..2020.R.CSE.3.19CSE313', '2023-05-13 23:16:56', 'Present'),
('CB.EN.U4CSE20232', 'B.Tech..2020.R.CSE.3.19CSE313', '2023-05-13 23:17:07', 'Present'),
('CB.EN.U4CSE20232', 'B.Tech..2020.R.CSE.3.19CSE313', '2023-05-25 21:10:29', 'Present'),
('CB.EN.U4CSE20232', 'B.Tech..2020.R.CSE.3.19CSE314', '2023-05-01 07:08:07', 'Present'),
('CB.EN.U4CSE20232', 'B.Tech..2020.R.CSE.3.19CSE314', '2023-05-10 10:42:19', 'Present'),
('CB.EN.U4CSE20232', 'B.Tech..2020.R.CSE.3.19CSE314', '2023-05-10 15:18:07', 'Present'),
('CB.EN.U4CSE20232', 'B.Tech..2020.R.CSE.3.19CSE314', '2023-05-11 00:08:23', 'Present'),
('CB.EN.U4CSE20232', 'B.Tech..2020.R.CSE.3.19CSE314', '2023-06-14 22:49:28', 'Absent'),
('CB.EN.U4CSE20232', 'B.Tech..2020.R.CSE.3.19CSE314', '2023-06-16 23:01:24', 'Absent'),
('CB.EN.U4CSE20234', 'B.Tech..2020.R.CSE.3.19CSE311', '2023-05-13 23:12:08', 'Present'),
('CB.EN.U4CSE20234', 'B.Tech..2020.R.CSE.3.19CSE311', '2023-05-13 23:15:24', 'Present'),
('CB.EN.U4CSE20234', 'B.Tech..2020.R.CSE.3.19CSE311', '2023-05-26 23:44:58', 'Absent'),
('CB.EN.U4CSE20234', 'B.Tech..2020.R.CSE.3.19CSE312', '2023-05-13 23:15:52', 'Present'),
('CB.EN.U4CSE20234', 'B.Tech..2020.R.CSE.3.19CSE312', '2023-05-13 23:16:01', 'Present'),
('CB.EN.U4CSE20234', 'B.Tech..2020.R.CSE.3.19CSE312', '2023-05-13 23:16:22', 'Present'),
('CB.EN.U4CSE20234', 'B.Tech..2020.R.CSE.3.19CSE313', '2023-05-13 23:16:48', 'Present'),
('CB.EN.U4CSE20234', 'B.Tech..2020.R.CSE.3.19CSE313', '2023-05-13 23:16:56', 'Present'),
('CB.EN.U4CSE20234', 'B.Tech..2020.R.CSE.3.19CSE313', '2023-05-13 23:17:07', 'Present'),
('CB.EN.U4CSE20234', 'B.Tech..2020.R.CSE.3.19CSE313', '2023-05-25 21:10:29', 'Present'),
('CB.EN.U4CSE20234', 'B.Tech..2020.R.CSE.3.19CSE314', '2023-05-01 07:08:07', 'Present'),
('CB.EN.U4CSE20234', 'B.Tech..2020.R.CSE.3.19CSE314', '2023-05-10 10:42:19', 'Present'),
('CB.EN.U4CSE20234', 'B.Tech..2020.R.CSE.3.19CSE314', '2023-05-10 15:18:07', 'Absent'),
('CB.EN.U4CSE20234', 'B.Tech..2020.R.CSE.3.19CSE314', '2023-05-11 00:08:23', 'Present'),
('CB.EN.U4CSE20234', 'B.Tech..2020.R.CSE.3.19CSE314', '2023-06-14 22:49:28', 'Absent'),
('CB.EN.U4CSE20234', 'B.Tech..2020.R.CSE.3.19CSE314', '2023-06-16 23:01:24', 'Absent'),
('CB.EN.U4CSE20235', 'B.Tech..2020.R.CSE.3.19CSE311', '2023-05-13 23:12:08', 'Present'),
('CB.EN.U4CSE20235', 'B.Tech..2020.R.CSE.3.19CSE311', '2023-05-13 23:15:24', 'Present'),
('CB.EN.U4CSE20235', 'B.Tech..2020.R.CSE.3.19CSE311', '2023-05-26 23:44:58', 'Absent'),
('CB.EN.U4CSE20235', 'B.Tech..2020.R.CSE.3.19CSE312', '2023-05-13 23:15:52', 'Present'),
('CB.EN.U4CSE20235', 'B.Tech..2020.R.CSE.3.19CSE312', '2023-05-13 23:16:01', 'Present'),
('CB.EN.U4CSE20235', 'B.Tech..2020.R.CSE.3.19CSE312', '2023-05-13 23:16:22', 'Present'),
('CB.EN.U4CSE20235', 'B.Tech..2020.R.CSE.3.19CSE313', '2023-05-13 23:16:48', 'Present'),
('CB.EN.U4CSE20235', 'B.Tech..2020.R.CSE.3.19CSE313', '2023-05-13 23:16:56', 'Present'),
('CB.EN.U4CSE20235', 'B.Tech..2020.R.CSE.3.19CSE313', '2023-05-13 23:17:07', 'Present'),
('CB.EN.U4CSE20235', 'B.Tech..2020.R.CSE.3.19CSE313', '2023-05-25 21:10:29', 'Present'),
('CB.EN.U4CSE20235', 'B.Tech..2020.R.CSE.3.19CSE314', '2023-05-01 07:08:07', 'Present'),
('CB.EN.U4CSE20235', 'B.Tech..2020.R.CSE.3.19CSE314', '2023-05-10 10:42:19', 'Present'),
('CB.EN.U4CSE20235', 'B.Tech..2020.R.CSE.3.19CSE314', '2023-05-10 15:18:07', 'Present'),
('CB.EN.U4CSE20235', 'B.Tech..2020.R.CSE.3.19CSE314', '2023-05-11 00:08:23', 'Present'),
('CB.EN.U4CSE20235', 'B.Tech..2020.R.CSE.3.19CSE314', '2023-06-14 22:49:28', 'Absent'),
('CB.EN.U4CSE20235', 'B.Tech..2020.R.CSE.3.19CSE314', '2023-06-16 23:01:24', 'Absent'),
('CB.EN.U4CSE20236', 'B.Tech..2020.R.CSE.3.19CSE311', '2023-05-13 23:12:08', 'Present'),
('CB.EN.U4CSE20236', 'B.Tech..2020.R.CSE.3.19CSE311', '2023-05-13 23:15:24', 'Present'),
('CB.EN.U4CSE20236', 'B.Tech..2020.R.CSE.3.19CSE311', '2023-05-26 23:44:58', 'Absent'),
('CB.EN.U4CSE20236', 'B.Tech..2020.R.CSE.3.19CSE312', '2023-05-13 23:15:52', 'Present'),
('CB.EN.U4CSE20236', 'B.Tech..2020.R.CSE.3.19CSE312', '2023-05-13 23:16:01', 'Present'),
('CB.EN.U4CSE20236', 'B.Tech..2020.R.CSE.3.19CSE312', '2023-05-13 23:16:22', 'Present'),
('CB.EN.U4CSE20236', 'B.Tech..2020.R.CSE.3.19CSE313', '2023-05-13 23:16:48', 'Present'),
('CB.EN.U4CSE20236', 'B.Tech..2020.R.CSE.3.19CSE313', '2023-05-13 23:16:56', 'Present'),
('CB.EN.U4CSE20236', 'B.Tech..2020.R.CSE.3.19CSE313', '2023-05-13 23:17:07', 'Present'),
('CB.EN.U4CSE20236', 'B.Tech..2020.R.CSE.3.19CSE313', '2023-05-25 21:10:29', 'Present'),
('CB.EN.U4CSE20236', 'B.Tech..2020.R.CSE.3.19CSE314', '2023-05-01 07:08:07', 'Present'),
('CB.EN.U4CSE20236', 'B.Tech..2020.R.CSE.3.19CSE314', '2023-05-10 10:42:19', 'Present'),
('CB.EN.U4CSE20236', 'B.Tech..2020.R.CSE.3.19CSE314', '2023-05-10 15:18:07', 'Present'),
('CB.EN.U4CSE20236', 'B.Tech..2020.R.CSE.3.19CSE314', '2023-05-11 00:08:23', 'Present'),
('CB.EN.U4CSE20236', 'B.Tech..2020.R.CSE.3.19CSE314', '2023-06-14 22:49:28', 'Absent'),
('CB.EN.U4CSE20236', 'B.Tech..2020.R.CSE.3.19CSE314', '2023-06-16 23:01:24', 'Absent'),
('CB.EN.U4CSE20237', 'B.Tech..2020.R.CSE.3.19CSE311', '2023-05-13 23:12:08', 'Present'),
('CB.EN.U4CSE20237', 'B.Tech..2020.R.CSE.3.19CSE311', '2023-05-13 23:15:24', 'Present'),
('CB.EN.U4CSE20237', 'B.Tech..2020.R.CSE.3.19CSE311', '2023-05-26 23:44:58', 'Absent'),
('CB.EN.U4CSE20237', 'B.Tech..2020.R.CSE.3.19CSE312', '2023-05-13 23:15:52', 'Present'),
('CB.EN.U4CSE20237', 'B.Tech..2020.R.CSE.3.19CSE312', '2023-05-13 23:16:01', 'Present'),
('CB.EN.U4CSE20237', 'B.Tech..2020.R.CSE.3.19CSE312', '2023-05-13 23:16:22', 'Present'),
('CB.EN.U4CSE20237', 'B.Tech..2020.R.CSE.3.19CSE313', '2023-05-13 23:16:48', 'Present'),
('CB.EN.U4CSE20237', 'B.Tech..2020.R.CSE.3.19CSE313', '2023-05-13 23:16:56', 'Present'),
('CB.EN.U4CSE20237', 'B.Tech..2020.R.CSE.3.19CSE313', '2023-05-13 23:17:07', 'Present'),
('CB.EN.U4CSE20237', 'B.Tech..2020.R.CSE.3.19CSE313', '2023-05-25 21:10:29', 'Present'),
('CB.EN.U4CSE20237', 'B.Tech..2020.R.CSE.3.19CSE314', '2023-05-01 07:08:07', 'Present'),
('CB.EN.U4CSE20237', 'B.Tech..2020.R.CSE.3.19CSE314', '2023-05-10 10:42:19', 'Present'),
('CB.EN.U4CSE20237', 'B.Tech..2020.R.CSE.3.19CSE314', '2023-05-10 15:18:07', 'Present'),
('CB.EN.U4CSE20237', 'B.Tech..2020.R.CSE.3.19CSE314', '2023-05-11 00:08:23', 'Present'),
('CB.EN.U4CSE20237', 'B.Tech..2020.R.CSE.3.19CSE314', '2023-06-14 22:49:28', 'Absent'),
('CB.EN.U4CSE20237', 'B.Tech..2020.R.CSE.3.19CSE314', '2023-06-16 23:01:24', 'Absent'),
('CB.EN.U4CSE20238', 'B.Tech..2020.R.CSE.3.19CSE311', '2023-05-13 23:12:08', 'Present'),
('CB.EN.U4CSE20238', 'B.Tech..2020.R.CSE.3.19CSE311', '2023-05-13 23:15:24', 'Present'),
('CB.EN.U4CSE20238', 'B.Tech..2020.R.CSE.3.19CSE311', '2023-05-26 23:44:58', 'Absent'),
('CB.EN.U4CSE20238', 'B.Tech..2020.R.CSE.3.19CSE312', '2023-05-13 23:15:52', 'Present'),
('CB.EN.U4CSE20238', 'B.Tech..2020.R.CSE.3.19CSE312', '2023-05-13 23:16:01', 'Present'),
('CB.EN.U4CSE20238', 'B.Tech..2020.R.CSE.3.19CSE312', '2023-05-13 23:16:22', 'Present'),
('CB.EN.U4CSE20238', 'B.Tech..2020.R.CSE.3.19CSE313', '2023-05-13 23:16:48', 'Present'),
('CB.EN.U4CSE20238', 'B.Tech..2020.R.CSE.3.19CSE313', '2023-05-13 23:16:56', 'Present'),
('CB.EN.U4CSE20238', 'B.Tech..2020.R.CSE.3.19CSE313', '2023-05-13 23:17:07', 'Present'),
('CB.EN.U4CSE20238', 'B.Tech..2020.R.CSE.3.19CSE313', '2023-05-25 21:10:29', 'Present'),
('CB.EN.U4CSE20238', 'B.Tech..2020.R.CSE.3.19CSE314', '2023-05-01 07:08:07', 'Present'),
('CB.EN.U4CSE20238', 'B.Tech..2020.R.CSE.3.19CSE314', '2023-05-10 10:42:19', 'Present'),
('CB.EN.U4CSE20238', 'B.Tech..2020.R.CSE.3.19CSE314', '2023-05-10 15:18:07', 'Present'),
('CB.EN.U4CSE20238', 'B.Tech..2020.R.CSE.3.19CSE314', '2023-05-11 00:08:23', 'Present'),
('CB.EN.U4CSE20238', 'B.Tech..2020.R.CSE.3.19CSE314', '2023-06-14 22:49:28', 'Absent');
INSERT INTO `student_attendance` (`roll_no`, `course_id`, `date_time`, `status`) VALUES
('CB.EN.U4CSE20238', 'B.Tech..2020.R.CSE.3.19CSE314', '2023-06-16 23:01:24', 'Absent'),
('CB.EN.U4CSE20239', 'B.Tech..2020.R.CSE.3.19CSE311', '2023-05-13 23:12:08', 'Present'),
('CB.EN.U4CSE20239', 'B.Tech..2020.R.CSE.3.19CSE311', '2023-05-13 23:15:24', 'Present'),
('CB.EN.U4CSE20239', 'B.Tech..2020.R.CSE.3.19CSE311', '2023-05-26 23:44:58', 'Absent'),
('CB.EN.U4CSE20239', 'B.Tech..2020.R.CSE.3.19CSE312', '2023-05-13 23:15:52', 'Present'),
('CB.EN.U4CSE20239', 'B.Tech..2020.R.CSE.3.19CSE312', '2023-05-13 23:16:01', 'Present'),
('CB.EN.U4CSE20239', 'B.Tech..2020.R.CSE.3.19CSE312', '2023-05-13 23:16:22', 'Present'),
('CB.EN.U4CSE20239', 'B.Tech..2020.R.CSE.3.19CSE313', '2023-05-13 23:16:48', 'Present'),
('CB.EN.U4CSE20239', 'B.Tech..2020.R.CSE.3.19CSE313', '2023-05-13 23:16:56', 'Present'),
('CB.EN.U4CSE20239', 'B.Tech..2020.R.CSE.3.19CSE313', '2023-05-13 23:17:07', 'Present'),
('CB.EN.U4CSE20239', 'B.Tech..2020.R.CSE.3.19CSE313', '2023-05-25 21:10:29', 'Present'),
('CB.EN.U4CSE20239', 'B.Tech..2020.R.CSE.3.19CSE314', '2023-05-01 07:08:07', 'Present'),
('CB.EN.U4CSE20239', 'B.Tech..2020.R.CSE.3.19CSE314', '2023-05-10 10:42:19', 'Present'),
('CB.EN.U4CSE20239', 'B.Tech..2020.R.CSE.3.19CSE314', '2023-05-10 15:18:07', 'Present'),
('CB.EN.U4CSE20239', 'B.Tech..2020.R.CSE.3.19CSE314', '2023-05-11 00:08:23', 'Present'),
('CB.EN.U4CSE20239', 'B.Tech..2020.R.CSE.3.19CSE314', '2023-06-14 22:49:28', 'Absent'),
('CB.EN.U4CSE20239', 'B.Tech..2020.R.CSE.3.19CSE314', '2023-06-16 23:01:24', 'Absent'),
('CB.EN.U4CSE20240', 'B.Tech..2020.R.CSE.3.19CSE311', '2023-05-13 23:12:08', 'Present'),
('CB.EN.U4CSE20240', 'B.Tech..2020.R.CSE.3.19CSE311', '2023-05-13 23:15:24', 'Present'),
('CB.EN.U4CSE20240', 'B.Tech..2020.R.CSE.3.19CSE311', '2023-05-26 23:44:58', 'Absent'),
('CB.EN.U4CSE20240', 'B.Tech..2020.R.CSE.3.19CSE312', '2023-05-13 23:15:52', 'Present'),
('CB.EN.U4CSE20240', 'B.Tech..2020.R.CSE.3.19CSE312', '2023-05-13 23:16:01', 'Present'),
('CB.EN.U4CSE20240', 'B.Tech..2020.R.CSE.3.19CSE312', '2023-05-13 23:16:22', 'Present'),
('CB.EN.U4CSE20240', 'B.Tech..2020.R.CSE.3.19CSE313', '2023-05-13 23:16:48', 'Present'),
('CB.EN.U4CSE20240', 'B.Tech..2020.R.CSE.3.19CSE313', '2023-05-13 23:16:56', 'Present'),
('CB.EN.U4CSE20240', 'B.Tech..2020.R.CSE.3.19CSE313', '2023-05-13 23:17:07', 'Present'),
('CB.EN.U4CSE20240', 'B.Tech..2020.R.CSE.3.19CSE313', '2023-05-25 21:10:29', 'Present'),
('CB.EN.U4CSE20240', 'B.Tech..2020.R.CSE.3.19CSE314', '2023-05-01 07:08:07', 'Present'),
('CB.EN.U4CSE20240', 'B.Tech..2020.R.CSE.3.19CSE314', '2023-05-10 10:42:19', 'Present'),
('CB.EN.U4CSE20240', 'B.Tech..2020.R.CSE.3.19CSE314', '2023-05-10 15:18:07', 'Present'),
('CB.EN.U4CSE20240', 'B.Tech..2020.R.CSE.3.19CSE314', '2023-05-11 00:08:23', 'Present'),
('CB.EN.U4CSE20240', 'B.Tech..2020.R.CSE.3.19CSE314', '2023-06-14 22:49:28', 'Absent'),
('CB.EN.U4CSE20240', 'B.Tech..2020.R.CSE.3.19CSE314', '2023-06-16 23:01:24', 'Absent'),
('CB.EN.U4CSE20241', 'B.Tech..2020.R.CSE.3.19CSE311', '2023-05-13 23:12:08', 'Present'),
('CB.EN.U4CSE20241', 'B.Tech..2020.R.CSE.3.19CSE311', '2023-05-13 23:15:24', 'Present'),
('CB.EN.U4CSE20241', 'B.Tech..2020.R.CSE.3.19CSE311', '2023-05-26 23:44:58', 'Absent'),
('CB.EN.U4CSE20241', 'B.Tech..2020.R.CSE.3.19CSE312', '2023-05-13 23:15:52', 'Present'),
('CB.EN.U4CSE20241', 'B.Tech..2020.R.CSE.3.19CSE312', '2023-05-13 23:16:01', 'Present'),
('CB.EN.U4CSE20241', 'B.Tech..2020.R.CSE.3.19CSE312', '2023-05-13 23:16:22', 'Present'),
('CB.EN.U4CSE20241', 'B.Tech..2020.R.CSE.3.19CSE313', '2023-05-13 23:16:48', 'Present'),
('CB.EN.U4CSE20241', 'B.Tech..2020.R.CSE.3.19CSE313', '2023-05-13 23:16:56', 'Present'),
('CB.EN.U4CSE20241', 'B.Tech..2020.R.CSE.3.19CSE313', '2023-05-13 23:17:07', 'Present'),
('CB.EN.U4CSE20241', 'B.Tech..2020.R.CSE.3.19CSE313', '2023-05-25 21:10:29', 'Present'),
('CB.EN.U4CSE20241', 'B.Tech..2020.R.CSE.3.19CSE314', '2023-05-01 07:08:07', 'Present'),
('CB.EN.U4CSE20241', 'B.Tech..2020.R.CSE.3.19CSE314', '2023-05-10 10:42:19', 'Present'),
('CB.EN.U4CSE20241', 'B.Tech..2020.R.CSE.3.19CSE314', '2023-05-10 15:18:07', 'Present'),
('CB.EN.U4CSE20241', 'B.Tech..2020.R.CSE.3.19CSE314', '2023-05-11 00:08:23', 'Present'),
('CB.EN.U4CSE20241', 'B.Tech..2020.R.CSE.3.19CSE314', '2023-06-14 22:49:28', 'Absent'),
('CB.EN.U4CSE20241', 'B.Tech..2020.R.CSE.3.19CSE314', '2023-06-16 23:01:24', 'Absent'),
('CB.EN.U4CSE20242', 'B.Tech..2020.R.CSE.3.19CSE311', '2023-05-13 23:12:08', 'Present'),
('CB.EN.U4CSE20242', 'B.Tech..2020.R.CSE.3.19CSE311', '2023-05-13 23:15:24', 'Present'),
('CB.EN.U4CSE20242', 'B.Tech..2020.R.CSE.3.19CSE311', '2023-05-26 23:44:58', 'Absent'),
('CB.EN.U4CSE20242', 'B.Tech..2020.R.CSE.3.19CSE312', '2023-05-13 23:15:52', 'Present'),
('CB.EN.U4CSE20242', 'B.Tech..2020.R.CSE.3.19CSE312', '2023-05-13 23:16:01', 'Present'),
('CB.EN.U4CSE20242', 'B.Tech..2020.R.CSE.3.19CSE312', '2023-05-13 23:16:22', 'Present'),
('CB.EN.U4CSE20242', 'B.Tech..2020.R.CSE.3.19CSE313', '2023-05-13 23:16:48', 'Present'),
('CB.EN.U4CSE20242', 'B.Tech..2020.R.CSE.3.19CSE313', '2023-05-13 23:16:56', 'Present'),
('CB.EN.U4CSE20242', 'B.Tech..2020.R.CSE.3.19CSE313', '2023-05-13 23:17:07', 'Present'),
('CB.EN.U4CSE20242', 'B.Tech..2020.R.CSE.3.19CSE313', '2023-05-25 21:10:29', 'Present'),
('CB.EN.U4CSE20242', 'B.Tech..2020.R.CSE.3.19CSE314', '2023-05-01 07:08:07', 'Present'),
('CB.EN.U4CSE20242', 'B.Tech..2020.R.CSE.3.19CSE314', '2023-05-10 10:42:19', 'Present'),
('CB.EN.U4CSE20242', 'B.Tech..2020.R.CSE.3.19CSE314', '2023-05-10 15:18:07', 'Present'),
('CB.EN.U4CSE20242', 'B.Tech..2020.R.CSE.3.19CSE314', '2023-05-11 00:08:23', 'Present'),
('CB.EN.U4CSE20242', 'B.Tech..2020.R.CSE.3.19CSE314', '2023-06-14 22:49:28', 'Absent'),
('CB.EN.U4CSE20242', 'B.Tech..2020.R.CSE.3.19CSE314', '2023-06-16 23:01:24', 'Absent'),
('CB.EN.U4CSE20243', 'B.Tech..2020.R.CSE.3.19CSE311', '2023-05-13 23:12:08', 'Present'),
('CB.EN.U4CSE20243', 'B.Tech..2020.R.CSE.3.19CSE311', '2023-05-13 23:15:24', 'Present'),
('CB.EN.U4CSE20243', 'B.Tech..2020.R.CSE.3.19CSE311', '2023-05-26 23:44:58', 'Absent'),
('CB.EN.U4CSE20243', 'B.Tech..2020.R.CSE.3.19CSE312', '2023-05-13 23:15:52', 'Present'),
('CB.EN.U4CSE20243', 'B.Tech..2020.R.CSE.3.19CSE312', '2023-05-13 23:16:01', 'Present'),
('CB.EN.U4CSE20243', 'B.Tech..2020.R.CSE.3.19CSE312', '2023-05-13 23:16:22', 'Present'),
('CB.EN.U4CSE20243', 'B.Tech..2020.R.CSE.3.19CSE313', '2023-05-13 23:16:48', 'Present'),
('CB.EN.U4CSE20243', 'B.Tech..2020.R.CSE.3.19CSE313', '2023-05-13 23:16:56', 'Present'),
('CB.EN.U4CSE20243', 'B.Tech..2020.R.CSE.3.19CSE313', '2023-05-13 23:17:07', 'Present'),
('CB.EN.U4CSE20243', 'B.Tech..2020.R.CSE.3.19CSE313', '2023-05-25 21:10:29', 'Present'),
('CB.EN.U4CSE20243', 'B.Tech..2020.R.CSE.3.19CSE314', '2023-05-01 07:08:07', 'Present'),
('CB.EN.U4CSE20243', 'B.Tech..2020.R.CSE.3.19CSE314', '2023-05-10 10:42:19', 'Absent'),
('CB.EN.U4CSE20243', 'B.Tech..2020.R.CSE.3.19CSE314', '2023-05-10 15:18:07', 'Present'),
('CB.EN.U4CSE20243', 'B.Tech..2020.R.CSE.3.19CSE314', '2023-05-11 00:08:23', 'Present'),
('CB.EN.U4CSE20243', 'B.Tech..2020.R.CSE.3.19CSE314', '2023-06-14 22:49:28', 'Absent'),
('CB.EN.U4CSE20243', 'B.Tech..2020.R.CSE.3.19CSE314', '2023-06-16 23:01:24', 'Absent'),
('CB.EN.U4CSE20244', 'B.Tech..2020.R.CSE.3.19CSE311', '2023-05-13 23:12:08', 'Present'),
('CB.EN.U4CSE20244', 'B.Tech..2020.R.CSE.3.19CSE311', '2023-05-13 23:15:24', 'Present'),
('CB.EN.U4CSE20244', 'B.Tech..2020.R.CSE.3.19CSE311', '2023-05-26 23:44:58', 'Absent'),
('CB.EN.U4CSE20244', 'B.Tech..2020.R.CSE.3.19CSE312', '2023-05-13 23:15:52', 'Present'),
('CB.EN.U4CSE20244', 'B.Tech..2020.R.CSE.3.19CSE312', '2023-05-13 23:16:01', 'Present'),
('CB.EN.U4CSE20244', 'B.Tech..2020.R.CSE.3.19CSE312', '2023-05-13 23:16:22', 'Present'),
('CB.EN.U4CSE20244', 'B.Tech..2020.R.CSE.3.19CSE313', '2023-05-13 23:16:48', 'Present'),
('CB.EN.U4CSE20244', 'B.Tech..2020.R.CSE.3.19CSE313', '2023-05-13 23:16:56', 'Present'),
('CB.EN.U4CSE20244', 'B.Tech..2020.R.CSE.3.19CSE313', '2023-05-13 23:17:07', 'Present'),
('CB.EN.U4CSE20244', 'B.Tech..2020.R.CSE.3.19CSE313', '2023-05-25 21:10:29', 'Present'),
('CB.EN.U4CSE20244', 'B.Tech..2020.R.CSE.3.19CSE314', '2023-05-01 07:08:07', 'Present'),
('CB.EN.U4CSE20244', 'B.Tech..2020.R.CSE.3.19CSE314', '2023-05-10 10:42:19', 'Present'),
('CB.EN.U4CSE20244', 'B.Tech..2020.R.CSE.3.19CSE314', '2023-05-10 15:18:07', 'Present'),
('CB.EN.U4CSE20244', 'B.Tech..2020.R.CSE.3.19CSE314', '2023-05-11 00:08:23', 'Present'),
('CB.EN.U4CSE20244', 'B.Tech..2020.R.CSE.3.19CSE314', '2023-06-14 22:49:28', 'Absent'),
('CB.EN.U4CSE20244', 'B.Tech..2020.R.CSE.3.19CSE314', '2023-06-16 23:01:24', 'Absent'),
('CB.EN.U4CSE20245', 'B.Tech..2020.R.CSE.3.19CSE311', '2023-05-13 23:12:08', 'Present'),
('CB.EN.U4CSE20245', 'B.Tech..2020.R.CSE.3.19CSE311', '2023-05-13 23:15:24', 'Present'),
('CB.EN.U4CSE20245', 'B.Tech..2020.R.CSE.3.19CSE311', '2023-05-26 23:44:58', 'Absent'),
('CB.EN.U4CSE20245', 'B.Tech..2020.R.CSE.3.19CSE312', '2023-05-13 23:15:52', 'Present'),
('CB.EN.U4CSE20245', 'B.Tech..2020.R.CSE.3.19CSE312', '2023-05-13 23:16:01', 'Present'),
('CB.EN.U4CSE20245', 'B.Tech..2020.R.CSE.3.19CSE312', '2023-05-13 23:16:22', 'Present'),
('CB.EN.U4CSE20245', 'B.Tech..2020.R.CSE.3.19CSE313', '2023-05-13 23:16:48', 'Present'),
('CB.EN.U4CSE20245', 'B.Tech..2020.R.CSE.3.19CSE313', '2023-05-13 23:16:56', 'Present'),
('CB.EN.U4CSE20245', 'B.Tech..2020.R.CSE.3.19CSE313', '2023-05-13 23:17:07', 'Present'),
('CB.EN.U4CSE20245', 'B.Tech..2020.R.CSE.3.19CSE313', '2023-05-25 21:10:29', 'Present'),
('CB.EN.U4CSE20245', 'B.Tech..2020.R.CSE.3.19CSE314', '2023-05-01 07:08:07', 'Present'),
('CB.EN.U4CSE20245', 'B.Tech..2020.R.CSE.3.19CSE314', '2023-05-10 10:42:19', 'Present'),
('CB.EN.U4CSE20245', 'B.Tech..2020.R.CSE.3.19CSE314', '2023-05-10 15:18:07', 'Present'),
('CB.EN.U4CSE20245', 'B.Tech..2020.R.CSE.3.19CSE314', '2023-05-11 00:08:23', 'Present'),
('CB.EN.U4CSE20245', 'B.Tech..2020.R.CSE.3.19CSE314', '2023-06-14 22:49:28', 'Absent'),
('CB.EN.U4CSE20245', 'B.Tech..2020.R.CSE.3.19CSE314', '2023-06-16 23:01:24', 'Absent'),
('CB.EN.U4CSE20246', 'B.Tech..2020.R.CSE.3.19CSE311', '2023-05-13 23:12:08', 'Present'),
('CB.EN.U4CSE20246', 'B.Tech..2020.R.CSE.3.19CSE311', '2023-05-13 23:15:24', 'Present'),
('CB.EN.U4CSE20246', 'B.Tech..2020.R.CSE.3.19CSE311', '2023-05-26 23:44:58', 'Absent'),
('CB.EN.U4CSE20246', 'B.Tech..2020.R.CSE.3.19CSE312', '2023-05-13 23:15:52', 'Present'),
('CB.EN.U4CSE20246', 'B.Tech..2020.R.CSE.3.19CSE312', '2023-05-13 23:16:01', 'Present'),
('CB.EN.U4CSE20246', 'B.Tech..2020.R.CSE.3.19CSE312', '2023-05-13 23:16:22', 'Present'),
('CB.EN.U4CSE20246', 'B.Tech..2020.R.CSE.3.19CSE313', '2023-05-13 23:16:48', 'Present'),
('CB.EN.U4CSE20246', 'B.Tech..2020.R.CSE.3.19CSE313', '2023-05-13 23:16:56', 'Present'),
('CB.EN.U4CSE20246', 'B.Tech..2020.R.CSE.3.19CSE313', '2023-05-13 23:17:07', 'Present'),
('CB.EN.U4CSE20246', 'B.Tech..2020.R.CSE.3.19CSE313', '2023-05-25 21:10:29', 'Present'),
('CB.EN.U4CSE20246', 'B.Tech..2020.R.CSE.3.19CSE314', '2023-05-01 07:08:07', 'Present'),
('CB.EN.U4CSE20246', 'B.Tech..2020.R.CSE.3.19CSE314', '2023-05-10 10:42:19', 'Present'),
('CB.EN.U4CSE20246', 'B.Tech..2020.R.CSE.3.19CSE314', '2023-05-10 15:18:07', 'Present'),
('CB.EN.U4CSE20246', 'B.Tech..2020.R.CSE.3.19CSE314', '2023-05-11 00:08:23', 'Present'),
('CB.EN.U4CSE20246', 'B.Tech..2020.R.CSE.3.19CSE314', '2023-06-14 22:49:28', 'Absent'),
('CB.EN.U4CSE20246', 'B.Tech..2020.R.CSE.3.19CSE314', '2023-06-16 23:01:24', 'Absent'),
('CB.EN.U4CSE20247', 'B.Tech..2020.R.CSE.3.19CSE311', '2023-05-13 23:12:08', 'Present'),
('CB.EN.U4CSE20247', 'B.Tech..2020.R.CSE.3.19CSE311', '2023-05-13 23:15:24', 'Present'),
('CB.EN.U4CSE20247', 'B.Tech..2020.R.CSE.3.19CSE311', '2023-05-26 23:44:58', 'Absent'),
('CB.EN.U4CSE20247', 'B.Tech..2020.R.CSE.3.19CSE312', '2023-05-13 23:15:52', 'Present'),
('CB.EN.U4CSE20247', 'B.Tech..2020.R.CSE.3.19CSE312', '2023-05-13 23:16:01', 'Present'),
('CB.EN.U4CSE20247', 'B.Tech..2020.R.CSE.3.19CSE312', '2023-05-13 23:16:22', 'Present'),
('CB.EN.U4CSE20247', 'B.Tech..2020.R.CSE.3.19CSE313', '2023-05-13 23:16:48', 'Present'),
('CB.EN.U4CSE20247', 'B.Tech..2020.R.CSE.3.19CSE313', '2023-05-13 23:16:56', 'Present'),
('CB.EN.U4CSE20247', 'B.Tech..2020.R.CSE.3.19CSE313', '2023-05-13 23:17:07', 'Present'),
('CB.EN.U4CSE20247', 'B.Tech..2020.R.CSE.3.19CSE313', '2023-05-25 21:10:29', 'Present'),
('CB.EN.U4CSE20247', 'B.Tech..2020.R.CSE.3.19CSE314', '2023-05-01 07:08:07', 'Present'),
('CB.EN.U4CSE20247', 'B.Tech..2020.R.CSE.3.19CSE314', '2023-05-10 10:42:19', 'Present'),
('CB.EN.U4CSE20247', 'B.Tech..2020.R.CSE.3.19CSE314', '2023-05-10 15:18:07', 'Present'),
('CB.EN.U4CSE20247', 'B.Tech..2020.R.CSE.3.19CSE314', '2023-05-11 00:08:23', 'Present'),
('CB.EN.U4CSE20247', 'B.Tech..2020.R.CSE.3.19CSE314', '2023-06-14 22:49:28', 'Absent'),
('CB.EN.U4CSE20247', 'B.Tech..2020.R.CSE.3.19CSE314', '2023-06-16 23:01:24', 'Absent'),
('CB.EN.U4CSE20248', 'B.Tech..2020.R.CSE.3.19CSE311', '2023-05-13 23:12:08', 'Present'),
('CB.EN.U4CSE20248', 'B.Tech..2020.R.CSE.3.19CSE311', '2023-05-13 23:15:24', 'Present'),
('CB.EN.U4CSE20248', 'B.Tech..2020.R.CSE.3.19CSE311', '2023-05-26 23:44:58', 'Absent'),
('CB.EN.U4CSE20248', 'B.Tech..2020.R.CSE.3.19CSE312', '2023-05-13 23:15:52', 'Present'),
('CB.EN.U4CSE20248', 'B.Tech..2020.R.CSE.3.19CSE312', '2023-05-13 23:16:01', 'Present'),
('CB.EN.U4CSE20248', 'B.Tech..2020.R.CSE.3.19CSE312', '2023-05-13 23:16:22', 'Present'),
('CB.EN.U4CSE20248', 'B.Tech..2020.R.CSE.3.19CSE313', '2023-05-13 23:16:48', 'Present'),
('CB.EN.U4CSE20248', 'B.Tech..2020.R.CSE.3.19CSE313', '2023-05-13 23:16:56', 'Present'),
('CB.EN.U4CSE20248', 'B.Tech..2020.R.CSE.3.19CSE313', '2023-05-13 23:17:07', 'Present'),
('CB.EN.U4CSE20248', 'B.Tech..2020.R.CSE.3.19CSE313', '2023-05-25 21:10:29', 'Present'),
('CB.EN.U4CSE20248', 'B.Tech..2020.R.CSE.3.19CSE314', '2023-05-01 07:08:07', 'Present'),
('CB.EN.U4CSE20248', 'B.Tech..2020.R.CSE.3.19CSE314', '2023-05-10 10:42:19', 'Present'),
('CB.EN.U4CSE20248', 'B.Tech..2020.R.CSE.3.19CSE314', '2023-05-10 15:18:07', 'Present'),
('CB.EN.U4CSE20248', 'B.Tech..2020.R.CSE.3.19CSE314', '2023-05-11 00:08:23', 'Present'),
('CB.EN.U4CSE20248', 'B.Tech..2020.R.CSE.3.19CSE314', '2023-06-14 22:49:28', 'Absent'),
('CB.EN.U4CSE20248', 'B.Tech..2020.R.CSE.3.19CSE314', '2023-06-16 23:01:24', 'Absent'),
('CB.EN.U4CSE20249', 'B.Tech..2020.R.CSE.3.19CSE311', '2023-05-13 23:12:08', 'Present'),
('CB.EN.U4CSE20249', 'B.Tech..2020.R.CSE.3.19CSE311', '2023-05-13 23:15:24', 'Present'),
('CB.EN.U4CSE20249', 'B.Tech..2020.R.CSE.3.19CSE311', '2023-05-26 23:44:58', 'Absent'),
('CB.EN.U4CSE20249', 'B.Tech..2020.R.CSE.3.19CSE312', '2023-05-13 23:15:52', 'Present'),
('CB.EN.U4CSE20249', 'B.Tech..2020.R.CSE.3.19CSE312', '2023-05-13 23:16:01', 'Present'),
('CB.EN.U4CSE20249', 'B.Tech..2020.R.CSE.3.19CSE312', '2023-05-13 23:16:22', 'Present'),
('CB.EN.U4CSE20249', 'B.Tech..2020.R.CSE.3.19CSE313', '2023-05-13 23:16:48', 'Present'),
('CB.EN.U4CSE20249', 'B.Tech..2020.R.CSE.3.19CSE313', '2023-05-13 23:16:56', 'Present'),
('CB.EN.U4CSE20249', 'B.Tech..2020.R.CSE.3.19CSE313', '2023-05-13 23:17:07', 'Present'),
('CB.EN.U4CSE20249', 'B.Tech..2020.R.CSE.3.19CSE313', '2023-05-25 21:10:29', 'Present'),
('CB.EN.U4CSE20249', 'B.Tech..2020.R.CSE.3.19CSE314', '2023-05-01 07:08:07', 'Present'),
('CB.EN.U4CSE20249', 'B.Tech..2020.R.CSE.3.19CSE314', '2023-05-10 10:42:19', 'Absent'),
('CB.EN.U4CSE20249', 'B.Tech..2020.R.CSE.3.19CSE314', '2023-05-10 15:18:07', 'Present'),
('CB.EN.U4CSE20249', 'B.Tech..2020.R.CSE.3.19CSE314', '2023-05-11 00:08:23', 'Present'),
('CB.EN.U4CSE20249', 'B.Tech..2020.R.CSE.3.19CSE314', '2023-06-14 22:49:28', 'Absent'),
('CB.EN.U4CSE20249', 'B.Tech..2020.R.CSE.3.19CSE314', '2023-06-16 23:01:24', 'Absent'),
('CB.EN.U4CSE20250', 'B.Tech..2020.R.CSE.3.19CSE311', '2023-05-13 23:12:08', 'Present'),
('CB.EN.U4CSE20250', 'B.Tech..2020.R.CSE.3.19CSE311', '2023-05-13 23:15:24', 'Present'),
('CB.EN.U4CSE20250', 'B.Tech..2020.R.CSE.3.19CSE311', '2023-05-26 23:44:58', 'Absent'),
('CB.EN.U4CSE20250', 'B.Tech..2020.R.CSE.3.19CSE312', '2023-05-13 23:15:52', 'Present'),
('CB.EN.U4CSE20250', 'B.Tech..2020.R.CSE.3.19CSE312', '2023-05-13 23:16:01', 'Present'),
('CB.EN.U4CSE20250', 'B.Tech..2020.R.CSE.3.19CSE312', '2023-05-13 23:16:22', 'Present'),
('CB.EN.U4CSE20250', 'B.Tech..2020.R.CSE.3.19CSE313', '2023-05-13 23:16:48', 'Present'),
('CB.EN.U4CSE20250', 'B.Tech..2020.R.CSE.3.19CSE313', '2023-05-13 23:16:56', 'Present'),
('CB.EN.U4CSE20250', 'B.Tech..2020.R.CSE.3.19CSE313', '2023-05-13 23:17:07', 'Present'),
('CB.EN.U4CSE20250', 'B.Tech..2020.R.CSE.3.19CSE313', '2023-05-25 21:10:29', 'Present'),
('CB.EN.U4CSE20250', 'B.Tech..2020.R.CSE.3.19CSE314', '2023-05-01 07:08:07', 'Present'),
('CB.EN.U4CSE20250', 'B.Tech..2020.R.CSE.3.19CSE314', '2023-05-10 10:42:19', 'Present'),
('CB.EN.U4CSE20250', 'B.Tech..2020.R.CSE.3.19CSE314', '2023-05-10 15:18:07', 'Present'),
('CB.EN.U4CSE20250', 'B.Tech..2020.R.CSE.3.19CSE314', '2023-05-11 00:08:23', 'Present'),
('CB.EN.U4CSE20250', 'B.Tech..2020.R.CSE.3.19CSE314', '2023-06-14 22:49:28', 'Absent'),
('CB.EN.U4CSE20250', 'B.Tech..2020.R.CSE.3.19CSE314', '2023-06-16 23:01:24', 'Absent'),
('CB.EN.U4CSE20251', 'B.Tech..2020.R.CSE.3.19CSE311', '2023-05-13 23:12:08', 'Present'),
('CB.EN.U4CSE20251', 'B.Tech..2020.R.CSE.3.19CSE311', '2023-05-13 23:15:24', 'Present'),
('CB.EN.U4CSE20251', 'B.Tech..2020.R.CSE.3.19CSE311', '2023-05-26 23:44:58', 'Absent'),
('CB.EN.U4CSE20251', 'B.Tech..2020.R.CSE.3.19CSE312', '2023-05-13 23:15:52', 'Present'),
('CB.EN.U4CSE20251', 'B.Tech..2020.R.CSE.3.19CSE312', '2023-05-13 23:16:01', 'Present'),
('CB.EN.U4CSE20251', 'B.Tech..2020.R.CSE.3.19CSE312', '2023-05-13 23:16:22', 'Present'),
('CB.EN.U4CSE20251', 'B.Tech..2020.R.CSE.3.19CSE313', '2023-05-13 23:16:48', 'Present'),
('CB.EN.U4CSE20251', 'B.Tech..2020.R.CSE.3.19CSE313', '2023-05-13 23:16:56', 'Present'),
('CB.EN.U4CSE20251', 'B.Tech..2020.R.CSE.3.19CSE313', '2023-05-13 23:17:07', 'Present'),
('CB.EN.U4CSE20251', 'B.Tech..2020.R.CSE.3.19CSE313', '2023-05-25 21:10:29', 'Present'),
('CB.EN.U4CSE20251', 'B.Tech..2020.R.CSE.3.19CSE314', '2023-05-01 07:08:07', 'Present'),
('CB.EN.U4CSE20251', 'B.Tech..2020.R.CSE.3.19CSE314', '2023-05-10 10:42:19', 'Present'),
('CB.EN.U4CSE20251', 'B.Tech..2020.R.CSE.3.19CSE314', '2023-05-10 15:18:07', 'Present'),
('CB.EN.U4CSE20251', 'B.Tech..2020.R.CSE.3.19CSE314', '2023-05-11 00:08:23', 'Present'),
('CB.EN.U4CSE20251', 'B.Tech..2020.R.CSE.3.19CSE314', '2023-06-14 22:49:28', 'Absent'),
('CB.EN.U4CSE20251', 'B.Tech..2020.R.CSE.3.19CSE314', '2023-06-16 23:01:24', 'Absent'),
('CB.EN.U4CSE20252', 'B.Tech..2020.R.CSE.3.19CSE311', '2023-05-13 23:12:08', 'Present'),
('CB.EN.U4CSE20252', 'B.Tech..2020.R.CSE.3.19CSE311', '2023-05-13 23:15:24', 'Present'),
('CB.EN.U4CSE20252', 'B.Tech..2020.R.CSE.3.19CSE311', '2023-05-26 23:44:58', 'Absent'),
('CB.EN.U4CSE20252', 'B.Tech..2020.R.CSE.3.19CSE312', '2023-05-13 23:15:52', 'Present'),
('CB.EN.U4CSE20252', 'B.Tech..2020.R.CSE.3.19CSE312', '2023-05-13 23:16:01', 'Present'),
('CB.EN.U4CSE20252', 'B.Tech..2020.R.CSE.3.19CSE312', '2023-05-13 23:16:22', 'Present'),
('CB.EN.U4CSE20252', 'B.Tech..2020.R.CSE.3.19CSE313', '2023-05-13 23:16:48', 'Present'),
('CB.EN.U4CSE20252', 'B.Tech..2020.R.CSE.3.19CSE313', '2023-05-13 23:16:56', 'Present'),
('CB.EN.U4CSE20252', 'B.Tech..2020.R.CSE.3.19CSE313', '2023-05-13 23:17:07', 'Present'),
('CB.EN.U4CSE20252', 'B.Tech..2020.R.CSE.3.19CSE313', '2023-05-25 21:10:29', 'Present'),
('CB.EN.U4CSE20252', 'B.Tech..2020.R.CSE.3.19CSE314', '2023-05-01 07:08:07', 'Present'),
('CB.EN.U4CSE20252', 'B.Tech..2020.R.CSE.3.19CSE314', '2023-05-10 10:42:19', 'Present'),
('CB.EN.U4CSE20252', 'B.Tech..2020.R.CSE.3.19CSE314', '2023-05-10 15:18:07', 'Present'),
('CB.EN.U4CSE20252', 'B.Tech..2020.R.CSE.3.19CSE314', '2023-05-11 00:08:23', 'Present'),
('CB.EN.U4CSE20252', 'B.Tech..2020.R.CSE.3.19CSE314', '2023-06-14 22:49:28', 'Absent'),
('CB.EN.U4CSE20252', 'B.Tech..2020.R.CSE.3.19CSE314', '2023-06-16 23:01:24', 'Absent'),
('CB.EN.U4CSE20253', 'B.Tech..2020.R.CSE.3.19CSE311', '2023-05-13 23:12:08', 'Present'),
('CB.EN.U4CSE20253', 'B.Tech..2020.R.CSE.3.19CSE311', '2023-05-13 23:15:24', 'Present'),
('CB.EN.U4CSE20253', 'B.Tech..2020.R.CSE.3.19CSE311', '2023-05-26 23:44:58', 'Absent'),
('CB.EN.U4CSE20253', 'B.Tech..2020.R.CSE.3.19CSE312', '2023-05-13 23:15:52', 'Present'),
('CB.EN.U4CSE20253', 'B.Tech..2020.R.CSE.3.19CSE312', '2023-05-13 23:16:01', 'Present'),
('CB.EN.U4CSE20253', 'B.Tech..2020.R.CSE.3.19CSE312', '2023-05-13 23:16:22', 'Present'),
('CB.EN.U4CSE20253', 'B.Tech..2020.R.CSE.3.19CSE313', '2023-05-13 23:16:48', 'Present'),
('CB.EN.U4CSE20253', 'B.Tech..2020.R.CSE.3.19CSE313', '2023-05-13 23:16:56', 'Present'),
('CB.EN.U4CSE20253', 'B.Tech..2020.R.CSE.3.19CSE313', '2023-05-13 23:17:07', 'Present'),
('CB.EN.U4CSE20253', 'B.Tech..2020.R.CSE.3.19CSE313', '2023-05-25 21:10:29', 'Present'),
('CB.EN.U4CSE20253', 'B.Tech..2020.R.CSE.3.19CSE314', '2023-05-01 07:08:07', 'Present'),
('CB.EN.U4CSE20253', 'B.Tech..2020.R.CSE.3.19CSE314', '2023-05-10 10:42:19', 'Present'),
('CB.EN.U4CSE20253', 'B.Tech..2020.R.CSE.3.19CSE314', '2023-05-10 15:18:07', 'Present'),
('CB.EN.U4CSE20253', 'B.Tech..2020.R.CSE.3.19CSE314', '2023-05-11 00:08:23', 'Present'),
('CB.EN.U4CSE20253', 'B.Tech..2020.R.CSE.3.19CSE314', '2023-06-14 22:49:28', 'Absent'),
('CB.EN.U4CSE20253', 'B.Tech..2020.R.CSE.3.19CSE314', '2023-06-16 23:01:24', 'Absent'),
('CB.EN.U4CSE20254', 'B.Tech..2020.R.CSE.3.19CSE311', '2023-05-13 23:12:08', 'Present'),
('CB.EN.U4CSE20254', 'B.Tech..2020.R.CSE.3.19CSE311', '2023-05-13 23:15:24', 'Present'),
('CB.EN.U4CSE20254', 'B.Tech..2020.R.CSE.3.19CSE311', '2023-05-26 23:44:58', 'Absent'),
('CB.EN.U4CSE20254', 'B.Tech..2020.R.CSE.3.19CSE312', '2023-05-13 23:15:52', 'Present'),
('CB.EN.U4CSE20254', 'B.Tech..2020.R.CSE.3.19CSE312', '2023-05-13 23:16:01', 'Present'),
('CB.EN.U4CSE20254', 'B.Tech..2020.R.CSE.3.19CSE312', '2023-05-13 23:16:22', 'Present'),
('CB.EN.U4CSE20254', 'B.Tech..2020.R.CSE.3.19CSE313', '2023-05-13 23:16:48', 'Present'),
('CB.EN.U4CSE20254', 'B.Tech..2020.R.CSE.3.19CSE313', '2023-05-13 23:16:56', 'Present'),
('CB.EN.U4CSE20254', 'B.Tech..2020.R.CSE.3.19CSE313', '2023-05-13 23:17:07', 'Present'),
('CB.EN.U4CSE20254', 'B.Tech..2020.R.CSE.3.19CSE313', '2023-05-25 21:10:29', 'Present'),
('CB.EN.U4CSE20254', 'B.Tech..2020.R.CSE.3.19CSE314', '2023-05-01 07:08:07', 'Present'),
('CB.EN.U4CSE20254', 'B.Tech..2020.R.CSE.3.19CSE314', '2023-05-10 10:42:19', 'Present'),
('CB.EN.U4CSE20254', 'B.Tech..2020.R.CSE.3.19CSE314', '2023-05-10 15:18:07', 'Present'),
('CB.EN.U4CSE20254', 'B.Tech..2020.R.CSE.3.19CSE314', '2023-05-11 00:08:23', 'Present'),
('CB.EN.U4CSE20254', 'B.Tech..2020.R.CSE.3.19CSE314', '2023-06-14 22:49:28', 'Absent'),
('CB.EN.U4CSE20254', 'B.Tech..2020.R.CSE.3.19CSE314', '2023-06-16 23:01:24', 'Absent'),
('CB.EN.U4CSE20255', 'B.Tech..2020.R.CSE.3.19CSE311', '2023-05-13 23:12:08', 'Present'),
('CB.EN.U4CSE20255', 'B.Tech..2020.R.CSE.3.19CSE311', '2023-05-13 23:15:24', 'Present'),
('CB.EN.U4CSE20255', 'B.Tech..2020.R.CSE.3.19CSE311', '2023-05-26 23:44:58', 'Absent'),
('CB.EN.U4CSE20255', 'B.Tech..2020.R.CSE.3.19CSE312', '2023-05-13 23:15:52', 'Present'),
('CB.EN.U4CSE20255', 'B.Tech..2020.R.CSE.3.19CSE312', '2023-05-13 23:16:01', 'Present'),
('CB.EN.U4CSE20255', 'B.Tech..2020.R.CSE.3.19CSE312', '2023-05-13 23:16:22', 'Present'),
('CB.EN.U4CSE20255', 'B.Tech..2020.R.CSE.3.19CSE313', '2023-05-13 23:16:48', 'Present'),
('CB.EN.U4CSE20255', 'B.Tech..2020.R.CSE.3.19CSE313', '2023-05-13 23:16:56', 'Present'),
('CB.EN.U4CSE20255', 'B.Tech..2020.R.CSE.3.19CSE313', '2023-05-13 23:17:07', 'Present'),
('CB.EN.U4CSE20255', 'B.Tech..2020.R.CSE.3.19CSE313', '2023-05-25 21:10:29', 'Present'),
('CB.EN.U4CSE20255', 'B.Tech..2020.R.CSE.3.19CSE314', '2023-05-01 07:08:07', 'Present'),
('CB.EN.U4CSE20255', 'B.Tech..2020.R.CSE.3.19CSE314', '2023-05-10 10:42:19', 'Present'),
('CB.EN.U4CSE20255', 'B.Tech..2020.R.CSE.3.19CSE314', '2023-05-10 15:18:07', 'Present'),
('CB.EN.U4CSE20255', 'B.Tech..2020.R.CSE.3.19CSE314', '2023-05-11 00:08:23', 'Present'),
('CB.EN.U4CSE20255', 'B.Tech..2020.R.CSE.3.19CSE314', '2023-06-14 22:49:28', 'Absent'),
('CB.EN.U4CSE20255', 'B.Tech..2020.R.CSE.3.19CSE314', '2023-06-16 23:01:24', 'Absent'),
('CB.EN.U4CSE20256', 'B.Tech..2020.R.CSE.3.19CSE311', '2023-05-13 23:12:08', 'Present'),
('CB.EN.U4CSE20256', 'B.Tech..2020.R.CSE.3.19CSE311', '2023-05-13 23:15:24', 'Present'),
('CB.EN.U4CSE20256', 'B.Tech..2020.R.CSE.3.19CSE311', '2023-05-26 23:44:58', 'Absent'),
('CB.EN.U4CSE20256', 'B.Tech..2020.R.CSE.3.19CSE312', '2023-05-13 23:15:52', 'Present'),
('CB.EN.U4CSE20256', 'B.Tech..2020.R.CSE.3.19CSE312', '2023-05-13 23:16:01', 'Present'),
('CB.EN.U4CSE20256', 'B.Tech..2020.R.CSE.3.19CSE312', '2023-05-13 23:16:22', 'Present'),
('CB.EN.U4CSE20256', 'B.Tech..2020.R.CSE.3.19CSE313', '2023-05-13 23:16:48', 'Present'),
('CB.EN.U4CSE20256', 'B.Tech..2020.R.CSE.3.19CSE313', '2023-05-13 23:16:56', 'Present'),
('CB.EN.U4CSE20256', 'B.Tech..2020.R.CSE.3.19CSE313', '2023-05-13 23:17:07', 'Present'),
('CB.EN.U4CSE20256', 'B.Tech..2020.R.CSE.3.19CSE313', '2023-05-25 21:10:29', 'Present'),
('CB.EN.U4CSE20256', 'B.Tech..2020.R.CSE.3.19CSE314', '2023-05-01 07:08:07', 'Present'),
('CB.EN.U4CSE20256', 'B.Tech..2020.R.CSE.3.19CSE314', '2023-05-10 10:42:19', 'Present'),
('CB.EN.U4CSE20256', 'B.Tech..2020.R.CSE.3.19CSE314', '2023-05-10 15:18:07', 'Present'),
('CB.EN.U4CSE20256', 'B.Tech..2020.R.CSE.3.19CSE314', '2023-05-11 00:08:23', 'Present'),
('CB.EN.U4CSE20256', 'B.Tech..2020.R.CSE.3.19CSE314', '2023-06-14 22:49:28', 'Absent'),
('CB.EN.U4CSE20256', 'B.Tech..2020.R.CSE.3.19CSE314', '2023-06-16 23:01:24', 'Absent'),
('CB.EN.U4CSE20257', 'B.Tech..2020.R.CSE.3.19CSE311', '2023-05-13 23:12:08', 'Present'),
('CB.EN.U4CSE20257', 'B.Tech..2020.R.CSE.3.19CSE311', '2023-05-13 23:15:24', 'Present'),
('CB.EN.U4CSE20257', 'B.Tech..2020.R.CSE.3.19CSE311', '2023-05-26 23:44:58', 'Absent'),
('CB.EN.U4CSE20257', 'B.Tech..2020.R.CSE.3.19CSE312', '2023-05-13 23:15:52', 'Present'),
('CB.EN.U4CSE20257', 'B.Tech..2020.R.CSE.3.19CSE312', '2023-05-13 23:16:01', 'Present'),
('CB.EN.U4CSE20257', 'B.Tech..2020.R.CSE.3.19CSE312', '2023-05-13 23:16:22', 'Present'),
('CB.EN.U4CSE20257', 'B.Tech..2020.R.CSE.3.19CSE313', '2023-05-13 23:16:48', 'Present'),
('CB.EN.U4CSE20257', 'B.Tech..2020.R.CSE.3.19CSE313', '2023-05-13 23:16:56', 'Present'),
('CB.EN.U4CSE20257', 'B.Tech..2020.R.CSE.3.19CSE313', '2023-05-13 23:17:07', 'Present'),
('CB.EN.U4CSE20257', 'B.Tech..2020.R.CSE.3.19CSE313', '2023-05-25 21:10:29', 'Present'),
('CB.EN.U4CSE20257', 'B.Tech..2020.R.CSE.3.19CSE314', '2023-05-01 07:08:07', 'Present'),
('CB.EN.U4CSE20257', 'B.Tech..2020.R.CSE.3.19CSE314', '2023-05-10 10:42:19', 'Present'),
('CB.EN.U4CSE20257', 'B.Tech..2020.R.CSE.3.19CSE314', '2023-05-10 15:18:07', 'Present'),
('CB.EN.U4CSE20257', 'B.Tech..2020.R.CSE.3.19CSE314', '2023-05-11 00:08:23', 'Present'),
('CB.EN.U4CSE20257', 'B.Tech..2020.R.CSE.3.19CSE314', '2023-06-14 22:49:28', 'Absent'),
('CB.EN.U4CSE20257', 'B.Tech..2020.R.CSE.3.19CSE314', '2023-06-16 23:01:24', 'Absent'),
('CB.EN.U4CSE20258', 'B.Tech..2020.R.CSE.3.19CSE311', '2023-05-13 23:12:08', 'Present'),
('CB.EN.U4CSE20258', 'B.Tech..2020.R.CSE.3.19CSE311', '2023-05-13 23:15:24', 'Present'),
('CB.EN.U4CSE20258', 'B.Tech..2020.R.CSE.3.19CSE311', '2023-05-26 23:44:58', 'Absent'),
('CB.EN.U4CSE20258', 'B.Tech..2020.R.CSE.3.19CSE312', '2023-05-13 23:15:52', 'Present'),
('CB.EN.U4CSE20258', 'B.Tech..2020.R.CSE.3.19CSE312', '2023-05-13 23:16:01', 'Present'),
('CB.EN.U4CSE20258', 'B.Tech..2020.R.CSE.3.19CSE312', '2023-05-13 23:16:22', 'Present'),
('CB.EN.U4CSE20258', 'B.Tech..2020.R.CSE.3.19CSE313', '2023-05-13 23:16:48', 'Present'),
('CB.EN.U4CSE20258', 'B.Tech..2020.R.CSE.3.19CSE313', '2023-05-13 23:16:56', 'Present'),
('CB.EN.U4CSE20258', 'B.Tech..2020.R.CSE.3.19CSE313', '2023-05-13 23:17:07', 'Present'),
('CB.EN.U4CSE20258', 'B.Tech..2020.R.CSE.3.19CSE313', '2023-05-25 21:10:29', 'Present'),
('CB.EN.U4CSE20258', 'B.Tech..2020.R.CSE.3.19CSE314', '2023-05-01 07:08:07', 'Present'),
('CB.EN.U4CSE20258', 'B.Tech..2020.R.CSE.3.19CSE314', '2023-05-10 10:42:19', 'Present'),
('CB.EN.U4CSE20258', 'B.Tech..2020.R.CSE.3.19CSE314', '2023-05-10 15:18:07', 'Absent'),
('CB.EN.U4CSE20258', 'B.Tech..2020.R.CSE.3.19CSE314', '2023-05-11 00:08:23', 'Present'),
('CB.EN.U4CSE20258', 'B.Tech..2020.R.CSE.3.19CSE314', '2023-06-14 22:49:28', 'Absent'),
('CB.EN.U4CSE20258', 'B.Tech..2020.R.CSE.3.19CSE314', '2023-06-16 23:01:24', 'Absent'),
('CB.EN.U4CSE20259', 'B.Tech..2020.R.CSE.3.19CSE311', '2023-05-13 23:12:08', 'Present'),
('CB.EN.U4CSE20259', 'B.Tech..2020.R.CSE.3.19CSE311', '2023-05-13 23:15:24', 'Present'),
('CB.EN.U4CSE20259', 'B.Tech..2020.R.CSE.3.19CSE311', '2023-05-26 23:44:58', 'Absent'),
('CB.EN.U4CSE20259', 'B.Tech..2020.R.CSE.3.19CSE312', '2023-05-13 23:15:52', 'Present'),
('CB.EN.U4CSE20259', 'B.Tech..2020.R.CSE.3.19CSE312', '2023-05-13 23:16:01', 'Present'),
('CB.EN.U4CSE20259', 'B.Tech..2020.R.CSE.3.19CSE312', '2023-05-13 23:16:22', 'Present'),
('CB.EN.U4CSE20259', 'B.Tech..2020.R.CSE.3.19CSE313', '2023-05-13 23:16:48', 'Present'),
('CB.EN.U4CSE20259', 'B.Tech..2020.R.CSE.3.19CSE313', '2023-05-13 23:16:56', 'Present'),
('CB.EN.U4CSE20259', 'B.Tech..2020.R.CSE.3.19CSE313', '2023-05-13 23:17:07', 'Present'),
('CB.EN.U4CSE20259', 'B.Tech..2020.R.CSE.3.19CSE313', '2023-05-25 21:10:29', 'Present'),
('CB.EN.U4CSE20259', 'B.Tech..2020.R.CSE.3.19CSE314', '2023-05-01 07:08:07', 'Present'),
('CB.EN.U4CSE20259', 'B.Tech..2020.R.CSE.3.19CSE314', '2023-05-10 10:42:19', 'Present'),
('CB.EN.U4CSE20259', 'B.Tech..2020.R.CSE.3.19CSE314', '2023-05-10 15:18:07', 'Present'),
('CB.EN.U4CSE20259', 'B.Tech..2020.R.CSE.3.19CSE314', '2023-05-11 00:08:23', 'Present'),
('CB.EN.U4CSE20259', 'B.Tech..2020.R.CSE.3.19CSE314', '2023-06-14 22:49:28', 'Absent'),
('CB.EN.U4CSE20259', 'B.Tech..2020.R.CSE.3.19CSE314', '2023-06-16 23:01:24', 'Absent'),
('CB.EN.U4CSE20260', 'B.Tech..2020.R.CSE.3.19CSE311', '2023-05-13 23:12:08', 'Present'),
('CB.EN.U4CSE20260', 'B.Tech..2020.R.CSE.3.19CSE311', '2023-05-13 23:15:24', 'Present'),
('CB.EN.U4CSE20260', 'B.Tech..2020.R.CSE.3.19CSE311', '2023-05-26 23:44:58', 'Absent'),
('CB.EN.U4CSE20260', 'B.Tech..2020.R.CSE.3.19CSE312', '2023-05-13 23:15:52', 'Present'),
('CB.EN.U4CSE20260', 'B.Tech..2020.R.CSE.3.19CSE312', '2023-05-13 23:16:01', 'Present'),
('CB.EN.U4CSE20260', 'B.Tech..2020.R.CSE.3.19CSE312', '2023-05-13 23:16:22', 'Present'),
('CB.EN.U4CSE20260', 'B.Tech..2020.R.CSE.3.19CSE313', '2023-05-13 23:16:48', 'Present'),
('CB.EN.U4CSE20260', 'B.Tech..2020.R.CSE.3.19CSE313', '2023-05-13 23:16:56', 'Present'),
('CB.EN.U4CSE20260', 'B.Tech..2020.R.CSE.3.19CSE313', '2023-05-13 23:17:07', 'Present'),
('CB.EN.U4CSE20260', 'B.Tech..2020.R.CSE.3.19CSE313', '2023-05-25 21:10:29', 'Present'),
('CB.EN.U4CSE20260', 'B.Tech..2020.R.CSE.3.19CSE314', '2023-05-01 07:08:07', 'Present'),
('CB.EN.U4CSE20260', 'B.Tech..2020.R.CSE.3.19CSE314', '2023-05-10 10:42:19', 'Present'),
('CB.EN.U4CSE20260', 'B.Tech..2020.R.CSE.3.19CSE314', '2023-05-10 15:18:07', 'Present'),
('CB.EN.U4CSE20260', 'B.Tech..2020.R.CSE.3.19CSE314', '2023-05-11 00:08:23', 'Present'),
('CB.EN.U4CSE20260', 'B.Tech..2020.R.CSE.3.19CSE314', '2023-06-14 22:49:28', 'Absent'),
('CB.EN.U4CSE20260', 'B.Tech..2020.R.CSE.3.19CSE314', '2023-06-16 23:01:24', 'Absent'),
('CB.EN.U4CSE20261', 'B.Tech..2020.R.CSE.3.19CSE311', '2023-05-13 23:12:08', 'Present'),
('CB.EN.U4CSE20261', 'B.Tech..2020.R.CSE.3.19CSE311', '2023-05-13 23:15:24', 'Present'),
('CB.EN.U4CSE20261', 'B.Tech..2020.R.CSE.3.19CSE311', '2023-05-26 23:44:58', 'Absent'),
('CB.EN.U4CSE20261', 'B.Tech..2020.R.CSE.3.19CSE312', '2023-05-13 23:15:52', 'Present'),
('CB.EN.U4CSE20261', 'B.Tech..2020.R.CSE.3.19CSE312', '2023-05-13 23:16:01', 'Present'),
('CB.EN.U4CSE20261', 'B.Tech..2020.R.CSE.3.19CSE312', '2023-05-13 23:16:22', 'Present'),
('CB.EN.U4CSE20261', 'B.Tech..2020.R.CSE.3.19CSE313', '2023-05-13 23:16:48', 'Present'),
('CB.EN.U4CSE20261', 'B.Tech..2020.R.CSE.3.19CSE313', '2023-05-13 23:16:56', 'Present'),
('CB.EN.U4CSE20261', 'B.Tech..2020.R.CSE.3.19CSE313', '2023-05-13 23:17:07', 'Present'),
('CB.EN.U4CSE20261', 'B.Tech..2020.R.CSE.3.19CSE313', '2023-05-25 21:10:29', 'Present'),
('CB.EN.U4CSE20261', 'B.Tech..2020.R.CSE.3.19CSE314', '2023-05-01 07:08:07', 'Present'),
('CB.EN.U4CSE20261', 'B.Tech..2020.R.CSE.3.19CSE314', '2023-05-10 10:42:19', 'Present'),
('CB.EN.U4CSE20261', 'B.Tech..2020.R.CSE.3.19CSE314', '2023-05-10 15:18:07', 'Present'),
('CB.EN.U4CSE20261', 'B.Tech..2020.R.CSE.3.19CSE314', '2023-05-11 00:08:23', 'Present'),
('CB.EN.U4CSE20261', 'B.Tech..2020.R.CSE.3.19CSE314', '2023-06-14 22:49:28', 'Absent'),
('CB.EN.U4CSE20261', 'B.Tech..2020.R.CSE.3.19CSE314', '2023-06-16 23:01:24', 'Absent'),
('CB.EN.U4CSE20262', 'B.Tech..2020.R.CSE.3.19CSE311', '2023-05-13 23:12:08', 'Present'),
('CB.EN.U4CSE20262', 'B.Tech..2020.R.CSE.3.19CSE311', '2023-05-13 23:15:24', 'Present'),
('CB.EN.U4CSE20262', 'B.Tech..2020.R.CSE.3.19CSE311', '2023-05-26 23:44:58', 'Absent'),
('CB.EN.U4CSE20262', 'B.Tech..2020.R.CSE.3.19CSE312', '2023-05-13 23:15:52', 'Present'),
('CB.EN.U4CSE20262', 'B.Tech..2020.R.CSE.3.19CSE312', '2023-05-13 23:16:01', 'Present'),
('CB.EN.U4CSE20262', 'B.Tech..2020.R.CSE.3.19CSE312', '2023-05-13 23:16:22', 'Present'),
('CB.EN.U4CSE20262', 'B.Tech..2020.R.CSE.3.19CSE313', '2023-05-13 23:16:48', 'Present'),
('CB.EN.U4CSE20262', 'B.Tech..2020.R.CSE.3.19CSE313', '2023-05-13 23:16:56', 'Present'),
('CB.EN.U4CSE20262', 'B.Tech..2020.R.CSE.3.19CSE313', '2023-05-13 23:17:07', 'Present'),
('CB.EN.U4CSE20262', 'B.Tech..2020.R.CSE.3.19CSE313', '2023-05-25 21:10:29', 'Present'),
('CB.EN.U4CSE20262', 'B.Tech..2020.R.CSE.3.19CSE314', '2023-05-01 07:08:07', 'Present'),
('CB.EN.U4CSE20262', 'B.Tech..2020.R.CSE.3.19CSE314', '2023-05-10 10:42:19', 'Present'),
('CB.EN.U4CSE20262', 'B.Tech..2020.R.CSE.3.19CSE314', '2023-05-10 15:18:07', 'Present'),
('CB.EN.U4CSE20262', 'B.Tech..2020.R.CSE.3.19CSE314', '2023-05-11 00:08:23', 'Present'),
('CB.EN.U4CSE20262', 'B.Tech..2020.R.CSE.3.19CSE314', '2023-06-14 22:49:28', 'Absent'),
('CB.EN.U4CSE20262', 'B.Tech..2020.R.CSE.3.19CSE314', '2023-06-16 23:01:24', 'Absent'),
('CB.EN.U4CSE20264', 'B.Tech..2020.R.CSE.3.19CSE311', '2023-05-13 23:12:08', 'Present'),
('CB.EN.U4CSE20264', 'B.Tech..2020.R.CSE.3.19CSE311', '2023-05-13 23:15:24', 'Present'),
('CB.EN.U4CSE20264', 'B.Tech..2020.R.CSE.3.19CSE311', '2023-05-26 23:44:58', 'Absent'),
('CB.EN.U4CSE20264', 'B.Tech..2020.R.CSE.3.19CSE312', '2023-05-13 23:15:52', 'Present'),
('CB.EN.U4CSE20264', 'B.Tech..2020.R.CSE.3.19CSE312', '2023-05-13 23:16:01', 'Present'),
('CB.EN.U4CSE20264', 'B.Tech..2020.R.CSE.3.19CSE312', '2023-05-13 23:16:22', 'Present'),
('CB.EN.U4CSE20264', 'B.Tech..2020.R.CSE.3.19CSE313', '2023-05-13 23:16:48', 'Present'),
('CB.EN.U4CSE20264', 'B.Tech..2020.R.CSE.3.19CSE313', '2023-05-13 23:16:56', 'Present'),
('CB.EN.U4CSE20264', 'B.Tech..2020.R.CSE.3.19CSE313', '2023-05-13 23:17:07', 'Present'),
('CB.EN.U4CSE20264', 'B.Tech..2020.R.CSE.3.19CSE313', '2023-05-25 21:10:29', 'Present'),
('CB.EN.U4CSE20264', 'B.Tech..2020.R.CSE.3.19CSE314', '2023-05-01 07:08:07', 'Present'),
('CB.EN.U4CSE20264', 'B.Tech..2020.R.CSE.3.19CSE314', '2023-05-10 10:42:19', 'Absent'),
('CB.EN.U4CSE20264', 'B.Tech..2020.R.CSE.3.19CSE314', '2023-05-10 15:18:07', 'Present'),
('CB.EN.U4CSE20264', 'B.Tech..2020.R.CSE.3.19CSE314', '2023-05-11 00:08:23', 'Present'),
('CB.EN.U4CSE20264', 'B.Tech..2020.R.CSE.3.19CSE314', '2023-06-14 22:49:28', 'Absent'),
('CB.EN.U4CSE20264', 'B.Tech..2020.R.CSE.3.19CSE314', '2023-06-16 23:01:24', 'Absent'),
('CB.EN.U4CSE20265', 'B.Tech..2020.R.CSE.3.19CSE311', '2023-05-13 23:12:08', 'Present'),
('CB.EN.U4CSE20265', 'B.Tech..2020.R.CSE.3.19CSE311', '2023-05-13 23:15:24', 'Present'),
('CB.EN.U4CSE20265', 'B.Tech..2020.R.CSE.3.19CSE311', '2023-05-26 23:44:58', 'Absent'),
('CB.EN.U4CSE20265', 'B.Tech..2020.R.CSE.3.19CSE312', '2023-05-13 23:15:52', 'Present'),
('CB.EN.U4CSE20265', 'B.Tech..2020.R.CSE.3.19CSE312', '2023-05-13 23:16:01', 'Present'),
('CB.EN.U4CSE20265', 'B.Tech..2020.R.CSE.3.19CSE312', '2023-05-13 23:16:22', 'Present'),
('CB.EN.U4CSE20265', 'B.Tech..2020.R.CSE.3.19CSE313', '2023-05-13 23:16:48', 'Present'),
('CB.EN.U4CSE20265', 'B.Tech..2020.R.CSE.3.19CSE313', '2023-05-13 23:16:56', 'Present'),
('CB.EN.U4CSE20265', 'B.Tech..2020.R.CSE.3.19CSE313', '2023-05-13 23:17:07', 'Present'),
('CB.EN.U4CSE20265', 'B.Tech..2020.R.CSE.3.19CSE313', '2023-05-25 21:10:29', 'Present'),
('CB.EN.U4CSE20265', 'B.Tech..2020.R.CSE.3.19CSE314', '2023-05-01 07:08:07', 'Present'),
('CB.EN.U4CSE20265', 'B.Tech..2020.R.CSE.3.19CSE314', '2023-05-10 10:42:19', 'Present'),
('CB.EN.U4CSE20265', 'B.Tech..2020.R.CSE.3.19CSE314', '2023-05-10 15:18:07', 'Present'),
('CB.EN.U4CSE20265', 'B.Tech..2020.R.CSE.3.19CSE314', '2023-05-11 00:08:23', 'Present'),
('CB.EN.U4CSE20265', 'B.Tech..2020.R.CSE.3.19CSE314', '2023-06-14 22:49:28', 'Absent'),
('CB.EN.U4CSE20265', 'B.Tech..2020.R.CSE.3.19CSE314', '2023-06-16 23:01:24', 'Absent'),
('CB.EN.U4CSE20266', 'B.Tech..2020.R.CSE.3.19CSE311', '2023-05-13 23:12:08', 'Present'),
('CB.EN.U4CSE20266', 'B.Tech..2020.R.CSE.3.19CSE311', '2023-05-13 23:15:24', 'Present'),
('CB.EN.U4CSE20266', 'B.Tech..2020.R.CSE.3.19CSE311', '2023-05-26 23:44:58', 'Absent'),
('CB.EN.U4CSE20266', 'B.Tech..2020.R.CSE.3.19CSE312', '2023-05-13 23:15:52', 'Present'),
('CB.EN.U4CSE20266', 'B.Tech..2020.R.CSE.3.19CSE312', '2023-05-13 23:16:01', 'Present'),
('CB.EN.U4CSE20266', 'B.Tech..2020.R.CSE.3.19CSE312', '2023-05-13 23:16:22', 'Present'),
('CB.EN.U4CSE20266', 'B.Tech..2020.R.CSE.3.19CSE313', '2023-05-13 23:16:48', 'Present'),
('CB.EN.U4CSE20266', 'B.Tech..2020.R.CSE.3.19CSE313', '2023-05-13 23:16:56', 'Present'),
('CB.EN.U4CSE20266', 'B.Tech..2020.R.CSE.3.19CSE313', '2023-05-13 23:17:07', 'Present'),
('CB.EN.U4CSE20266', 'B.Tech..2020.R.CSE.3.19CSE313', '2023-05-25 21:10:29', 'Present'),
('CB.EN.U4CSE20266', 'B.Tech..2020.R.CSE.3.19CSE314', '2023-05-01 07:08:07', 'Present'),
('CB.EN.U4CSE20266', 'B.Tech..2020.R.CSE.3.19CSE314', '2023-05-10 10:42:19', 'Present'),
('CB.EN.U4CSE20266', 'B.Tech..2020.R.CSE.3.19CSE314', '2023-05-10 15:18:07', 'Present'),
('CB.EN.U4CSE20266', 'B.Tech..2020.R.CSE.3.19CSE314', '2023-05-11 00:08:23', 'Present'),
('CB.EN.U4CSE20266', 'B.Tech..2020.R.CSE.3.19CSE314', '2023-06-14 22:49:28', 'Absent'),
('CB.EN.U4CSE20266', 'B.Tech..2020.R.CSE.3.19CSE314', '2023-06-16 23:01:24', 'Absent'),
('CB.EN.U4CSE20267', 'B.Tech..2020.R.CSE.3.19CSE311', '2023-05-13 23:12:08', 'Present'),
('CB.EN.U4CSE20267', 'B.Tech..2020.R.CSE.3.19CSE311', '2023-05-13 23:15:24', 'Present'),
('CB.EN.U4CSE20267', 'B.Tech..2020.R.CSE.3.19CSE311', '2023-05-26 23:44:58', 'Absent'),
('CB.EN.U4CSE20267', 'B.Tech..2020.R.CSE.3.19CSE312', '2023-05-13 23:15:52', 'Present'),
('CB.EN.U4CSE20267', 'B.Tech..2020.R.CSE.3.19CSE312', '2023-05-13 23:16:01', 'Present'),
('CB.EN.U4CSE20267', 'B.Tech..2020.R.CSE.3.19CSE312', '2023-05-13 23:16:22', 'Present'),
('CB.EN.U4CSE20267', 'B.Tech..2020.R.CSE.3.19CSE313', '2023-05-13 23:16:48', 'Present'),
('CB.EN.U4CSE20267', 'B.Tech..2020.R.CSE.3.19CSE313', '2023-05-13 23:16:56', 'Present'),
('CB.EN.U4CSE20267', 'B.Tech..2020.R.CSE.3.19CSE313', '2023-05-13 23:17:07', 'Present'),
('CB.EN.U4CSE20267', 'B.Tech..2020.R.CSE.3.19CSE313', '2023-05-25 21:10:29', 'Present'),
('CB.EN.U4CSE20267', 'B.Tech..2020.R.CSE.3.19CSE314', '2023-05-01 07:08:07', 'Present'),
('CB.EN.U4CSE20267', 'B.Tech..2020.R.CSE.3.19CSE314', '2023-05-10 10:42:19', 'Present'),
('CB.EN.U4CSE20267', 'B.Tech..2020.R.CSE.3.19CSE314', '2023-05-10 15:18:07', 'Present'),
('CB.EN.U4CSE20267', 'B.Tech..2020.R.CSE.3.19CSE314', '2023-05-11 00:08:23', 'Present'),
('CB.EN.U4CSE20267', 'B.Tech..2020.R.CSE.3.19CSE314', '2023-06-14 22:49:28', 'Absent'),
('CB.EN.U4CSE20267', 'B.Tech..2020.R.CSE.3.19CSE314', '2023-06-16 23:01:24', 'Absent'),
('CB.EN.U4CSE20268', 'B.Tech..2020.R.CSE.3.19CSE311', '2023-05-13 23:12:08', 'Present'),
('CB.EN.U4CSE20268', 'B.Tech..2020.R.CSE.3.19CSE311', '2023-05-13 23:15:24', 'Present'),
('CB.EN.U4CSE20268', 'B.Tech..2020.R.CSE.3.19CSE311', '2023-05-26 23:44:58', 'Absent'),
('CB.EN.U4CSE20268', 'B.Tech..2020.R.CSE.3.19CSE312', '2023-05-13 23:15:52', 'Present'),
('CB.EN.U4CSE20268', 'B.Tech..2020.R.CSE.3.19CSE312', '2023-05-13 23:16:01', 'Present'),
('CB.EN.U4CSE20268', 'B.Tech..2020.R.CSE.3.19CSE312', '2023-05-13 23:16:22', 'Present'),
('CB.EN.U4CSE20268', 'B.Tech..2020.R.CSE.3.19CSE313', '2023-05-13 23:16:48', 'Present'),
('CB.EN.U4CSE20268', 'B.Tech..2020.R.CSE.3.19CSE313', '2023-05-13 23:16:56', 'Present'),
('CB.EN.U4CSE20268', 'B.Tech..2020.R.CSE.3.19CSE313', '2023-05-13 23:17:07', 'Present'),
('CB.EN.U4CSE20268', 'B.Tech..2020.R.CSE.3.19CSE313', '2023-05-25 21:10:29', 'Present'),
('CB.EN.U4CSE20268', 'B.Tech..2020.R.CSE.3.19CSE314', '2023-05-01 07:08:07', 'Present'),
('CB.EN.U4CSE20268', 'B.Tech..2020.R.CSE.3.19CSE314', '2023-05-10 10:42:19', 'Present'),
('CB.EN.U4CSE20268', 'B.Tech..2020.R.CSE.3.19CSE314', '2023-05-10 15:18:07', 'Present'),
('CB.EN.U4CSE20268', 'B.Tech..2020.R.CSE.3.19CSE314', '2023-05-11 00:08:23', 'Present'),
('CB.EN.U4CSE20268', 'B.Tech..2020.R.CSE.3.19CSE314', '2023-06-14 22:49:28', 'Absent'),
('CB.EN.U4CSE20268', 'B.Tech..2020.R.CSE.3.19CSE314', '2023-06-16 23:01:24', 'Absent'),
('CB.EN.U4CSE20269', 'B.Tech..2020.R.CSE.3.19CSE311', '2023-05-13 23:12:08', 'Present'),
('CB.EN.U4CSE20269', 'B.Tech..2020.R.CSE.3.19CSE311', '2023-05-13 23:15:24', 'Present'),
('CB.EN.U4CSE20269', 'B.Tech..2020.R.CSE.3.19CSE311', '2023-05-26 23:44:58', 'Absent'),
('CB.EN.U4CSE20269', 'B.Tech..2020.R.CSE.3.19CSE312', '2023-05-13 23:15:52', 'Present'),
('CB.EN.U4CSE20269', 'B.Tech..2020.R.CSE.3.19CSE312', '2023-05-13 23:16:01', 'Present'),
('CB.EN.U4CSE20269', 'B.Tech..2020.R.CSE.3.19CSE312', '2023-05-13 23:16:22', 'Present'),
('CB.EN.U4CSE20269', 'B.Tech..2020.R.CSE.3.19CSE313', '2023-05-13 23:16:48', 'Present'),
('CB.EN.U4CSE20269', 'B.Tech..2020.R.CSE.3.19CSE313', '2023-05-13 23:16:56', 'Present'),
('CB.EN.U4CSE20269', 'B.Tech..2020.R.CSE.3.19CSE313', '2023-05-13 23:17:07', 'Present'),
('CB.EN.U4CSE20269', 'B.Tech..2020.R.CSE.3.19CSE313', '2023-05-25 21:10:29', 'Present'),
('CB.EN.U4CSE20269', 'B.Tech..2020.R.CSE.3.19CSE314', '2023-05-01 07:08:07', 'Present'),
('CB.EN.U4CSE20269', 'B.Tech..2020.R.CSE.3.19CSE314', '2023-05-10 10:42:19', 'Present'),
('CB.EN.U4CSE20269', 'B.Tech..2020.R.CSE.3.19CSE314', '2023-05-10 15:18:07', 'Present'),
('CB.EN.U4CSE20269', 'B.Tech..2020.R.CSE.3.19CSE314', '2023-05-11 00:08:23', 'Present'),
('CB.EN.U4CSE20269', 'B.Tech..2020.R.CSE.3.19CSE314', '2023-06-14 22:49:28', 'Absent'),
('CB.EN.U4CSE20269', 'B.Tech..2020.R.CSE.3.19CSE314', '2023-06-16 23:01:24', 'Absent'),
('CB.EN.U4CSE20270', 'B.Tech..2020.R.CSE.3.19CSE311', '2023-05-13 23:12:08', 'Present'),
('CB.EN.U4CSE20270', 'B.Tech..2020.R.CSE.3.19CSE311', '2023-05-13 23:15:24', 'Present'),
('CB.EN.U4CSE20270', 'B.Tech..2020.R.CSE.3.19CSE311', '2023-05-26 23:44:58', 'Absent'),
('CB.EN.U4CSE20270', 'B.Tech..2020.R.CSE.3.19CSE312', '2023-05-13 23:15:52', 'Present'),
('CB.EN.U4CSE20270', 'B.Tech..2020.R.CSE.3.19CSE312', '2023-05-13 23:16:01', 'Present'),
('CB.EN.U4CSE20270', 'B.Tech..2020.R.CSE.3.19CSE312', '2023-05-13 23:16:22', 'Present'),
('CB.EN.U4CSE20270', 'B.Tech..2020.R.CSE.3.19CSE313', '2023-05-13 23:16:48', 'Present'),
('CB.EN.U4CSE20270', 'B.Tech..2020.R.CSE.3.19CSE313', '2023-05-13 23:16:56', 'Present'),
('CB.EN.U4CSE20270', 'B.Tech..2020.R.CSE.3.19CSE313', '2023-05-13 23:17:07', 'Present'),
('CB.EN.U4CSE20270', 'B.Tech..2020.R.CSE.3.19CSE313', '2023-05-25 21:10:29', 'Present'),
('CB.EN.U4CSE20270', 'B.Tech..2020.R.CSE.3.19CSE314', '2023-05-01 07:08:07', 'Present'),
('CB.EN.U4CSE20270', 'B.Tech..2020.R.CSE.3.19CSE314', '2023-05-10 10:42:19', 'Absent'),
('CB.EN.U4CSE20270', 'B.Tech..2020.R.CSE.3.19CSE314', '2023-05-10 15:18:07', 'Absent'),
('CB.EN.U4CSE20270', 'B.Tech..2020.R.CSE.3.19CSE314', '2023-05-11 00:08:23', 'Present'),
('CB.EN.U4CSE20270', 'B.Tech..2020.R.CSE.3.19CSE314', '2023-06-14 22:49:28', 'Absent'),
('CB.EN.U4CSE20270', 'B.Tech..2020.R.CSE.3.19CSE314', '2023-06-16 23:01:24', 'Absent'),
('CB.EN.U4CSE20271', 'B.Tech..2020.R.CSE.3.19CSE311', '2023-05-13 23:12:08', 'Present'),
('CB.EN.U4CSE20271', 'B.Tech..2020.R.CSE.3.19CSE311', '2023-05-13 23:15:24', 'Present'),
('CB.EN.U4CSE20271', 'B.Tech..2020.R.CSE.3.19CSE311', '2023-05-26 23:44:58', 'Absent'),
('CB.EN.U4CSE20271', 'B.Tech..2020.R.CSE.3.19CSE312', '2023-05-13 23:15:52', 'Present'),
('CB.EN.U4CSE20271', 'B.Tech..2020.R.CSE.3.19CSE312', '2023-05-13 23:16:01', 'Present'),
('CB.EN.U4CSE20271', 'B.Tech..2020.R.CSE.3.19CSE312', '2023-05-13 23:16:22', 'Present'),
('CB.EN.U4CSE20271', 'B.Tech..2020.R.CSE.3.19CSE313', '2023-05-13 23:16:48', 'Present'),
('CB.EN.U4CSE20271', 'B.Tech..2020.R.CSE.3.19CSE313', '2023-05-13 23:16:56', 'Present'),
('CB.EN.U4CSE20271', 'B.Tech..2020.R.CSE.3.19CSE313', '2023-05-13 23:17:07', 'Present'),
('CB.EN.U4CSE20271', 'B.Tech..2020.R.CSE.3.19CSE313', '2023-05-25 21:10:29', 'Present'),
('CB.EN.U4CSE20271', 'B.Tech..2020.R.CSE.3.19CSE314', '2023-05-01 07:08:07', 'Present'),
('CB.EN.U4CSE20271', 'B.Tech..2020.R.CSE.3.19CSE314', '2023-05-10 10:42:19', 'Present'),
('CB.EN.U4CSE20271', 'B.Tech..2020.R.CSE.3.19CSE314', '2023-05-10 15:18:07', 'Present'),
('CB.EN.U4CSE20271', 'B.Tech..2020.R.CSE.3.19CSE314', '2023-05-11 00:08:23', 'Present'),
('CB.EN.U4CSE20271', 'B.Tech..2020.R.CSE.3.19CSE314', '2023-06-14 22:49:28', 'Absent'),
('CB.EN.U4CSE20271', 'B.Tech..2020.R.CSE.3.19CSE314', '2023-06-16 23:01:24', 'Absent');

--
-- Indexes for dumped tables
--

--
-- Indexes for table `attendance`
--
ALTER TABLE `attendance`
  ADD PRIMARY KEY (`course_id`,`date_time`,`slot`);

--
-- Indexes for table `course`
--
ALTER TABLE `course`
  ADD PRIMARY KEY (`course_id`),
  ADD KEY `faculty_id` (`faculty_id`);

--
-- Indexes for table `coursetostudent`
--
ALTER TABLE `coursetostudent`
  ADD PRIMARY KEY (`course_id`,`roll_no`),
  ADD KEY `roll_no` (`roll_no`);

--
-- Indexes for table `faculty`
--
ALTER TABLE `faculty`
  ADD PRIMARY KEY (`faculty_id`);

--
-- Indexes for table `od`
--
ALTER TABLE `od`
  ADD PRIMARY KEY (`roll_no`,`course_id`,`date`,`slot`),
  ADD KEY `course_id` (`course_id`);

--
-- Indexes for table `parent`
--
ALTER TABLE `parent`
  ADD PRIMARY KEY (`child_roll_no`);

--
-- Indexes for table `student`
--
ALTER TABLE `student`
  ADD PRIMARY KEY (`roll_no`);

--
-- Indexes for table `student_attendance`
--
ALTER TABLE `student_attendance`
  ADD PRIMARY KEY (`roll_no`,`course_id`,`date_time`),
  ADD KEY `course_id` (`course_id`,`date_time`);

--
-- Constraints for dumped tables
--

--
-- Constraints for table `attendance`
--
ALTER TABLE `attendance`
  ADD CONSTRAINT `attendance_ibfk_1` FOREIGN KEY (`course_id`) REFERENCES `course` (`course_id`),
  ADD CONSTRAINT `attendance_ibfk_2` FOREIGN KEY (`course_id`) REFERENCES `course` (`course_id`);

--
-- Constraints for table `course`
--
ALTER TABLE `course`
  ADD CONSTRAINT `course_ibfk_1` FOREIGN KEY (`faculty_id`) REFERENCES `faculty` (`faculty_id`);

--
-- Constraints for table `coursetostudent`
--
ALTER TABLE `coursetostudent`
  ADD CONSTRAINT `coursetostudent_ibfk_1` FOREIGN KEY (`course_id`) REFERENCES `course` (`course_id`),
  ADD CONSTRAINT `coursetostudent_ibfk_2` FOREIGN KEY (`roll_no`) REFERENCES `student` (`roll_no`);

--
-- Constraints for table `od`
--
ALTER TABLE `od`
  ADD CONSTRAINT `od_ibfk_1` FOREIGN KEY (`roll_no`) REFERENCES `student` (`roll_no`),
  ADD CONSTRAINT `od_ibfk_2` FOREIGN KEY (`course_id`) REFERENCES `course` (`course_id`);

--
-- Constraints for table `parent`
--
ALTER TABLE `parent`
  ADD CONSTRAINT `parent_ibfk_1` FOREIGN KEY (`child_roll_no`) REFERENCES `student` (`roll_no`);
COMMIT;

/*!40101 SET CHARACTER_SET_CLIENT=@OLD_CHARACTER_SET_CLIENT */;
/*!40101 SET CHARACTER_SET_RESULTS=@OLD_CHARACTER_SET_RESULTS */;
/*!40101 SET COLLATION_CONNECTION=@OLD_COLLATION_CONNECTION */;
